,code,Total_delay,count,name,city
0,ABE,0.33024656476758557,0.36908115458114166,Lehigh Valley International Airport,Allentown
1,ABI,0.35405763366585424,0.4013008522686537,Abilene Regional Airport,Abilene
2,ABQ,0.05076515995942827,0.2892524093085141,Albuquerque International Airport,Albuquerque
3,ABY,0.3848223291743466,0.43249803364354383,Southwest Georgia Regional Airport,Albany
4,ACK,0.39415760934315586,0.4461246285852183,Nantucket Memorial Airport,Nantucket
5,ACT,0.3873351832350118,0.4312877082122772,Waco Regional Airport,Waco
6,ACV,0.32185884378046303,0.3829372940011598,Arcata Airport,Mckinleyville
7,ACY,0.3939507863294608,0.4423684462123218,Atlantic City International Airport,Egg Harbor City
8,ADK,0.40466093842631345,0.45111200406923085,Adak Airport,Adak
9,ADQ,0.39117917572302724,0.4400938691087345,Kodiak Airport,Kodiak
10,AEX,0.3422304550721286,0.3917643225774665,Alexandria International Airport,Alexandria
11,AGS,0.3062022505322864,0.38842549380155855,Bush Field Airport,Augusta
12,AKN,0.40425367020110775,0.4516545637453159,King Salmon Airport,King Salmon
13,ALB,0.19775501330284495,0.2024735986633335,Albany International Airport,Latham
14,ALO,0.40381815742337096,0.4463750407434114,Waterloo Municipal Airport,Waterloo
15,AMA,0.2944670945129361,0.31451217177489565,Amarillo International Airport,Amarillo
16,ANC,0.16624775939716543,0.08200448289260374,Anchorage International Airport,Anchorage
17,ASE,0.28276109416071465,0.3551624121215753,Aspen Pitkin County Airport-Sardy Field,Aspen
18,ATL,9.607549131977693,8.257930710368841,Hartsfield-Jackson Atlanta International Airport,Atlanta
19,ATW,0.32103246284028053,0.3426000688522215,Outagamie County Airport,Appleton
20,AUS,0.23463993028032407,0.41990495284576324,Austin-Bergstrom International Airport,Austin
21,AVL,0.2687882406892274,0.357603930663958,Asheville Regional Airport,Fletcher
22,AVP,0.3709733872881568,0.4085628048562535,Wilkes Barre Scranton International Airport,Pittston
23,AZO,0.36775168607042213,0.39163911649836997,Kalamazoo-Battle Creek International Airport,Kalamazoo
24,BDL,0.01839754915772078,0.0425546981286133,Bradley International Airport,Windsor Locks
25,BET,0.3910835086902608,0.4318511355682117,Bethel Airport,Bethel
26,BFL,0.3714909003796934,0.3820608514474839,Kern County-Meadows Field Airport,Bakersfield
27,BGM,0.4003577441810191,0.4391130881558115,Greater Binghamton Edwin A Link Field Airport,Johnson City
28,BGR,0.3363656104062468,0.39817070029123997,Bangor International Airport,Bangor
29,BHM,0.02924554427456536,0.010866562285914365,Birmingham International Airport,Birmingham
30,BIL,0.35741053538566864,0.37275386623464046,Logan International Airport,Billings
31,BIS,0.36941629244055824,0.3947066654362354,Bismarck Municipal Airport,Bismarck
32,BJI,0.40684943569017057,0.45213452038185264,Bemidji-Beltrami County Airport,Bemidji
34,BLI,0.4042627813470855,0.4511746071087791,Bellingham International Airport,Bellingham
35,BMI,0.3111031359537216,0.3526374228597949,Bloomington Normal Airport,Bloomington
36,BNA,0.5751826779179372,0.6759722522780558,Nashville International Airport,Nashville
37,BOI,0.2357958699891736,0.1699200180982307,Boise Air Terminal,Boise
38,BOS,1.7637252929140788,1.8517825410737496,Gen E L Logan International Airport,Boston
39,BQK,0.38639491297010736,0.43331187315767145,Glynco Jetport Airport,Brunswick
40,BQN,0.38948541368576234,0.42200159067928317,Rafael Hernandez Airport,Aguadilla
41,BRO,0.37396913208564314,0.40649690455116044,Brownsville-South Padre Island International Air,Brownsville
42,BRW,0.38594208901501287,0.4371515262499656,Wiley Post Will Rogers Memorial Airport,Barrow
43,BTM,0.4028970205650198,0.43888354367746785,Bert Mooney Airport,Butte
44,BTR,0.20724427183867827,0.2723594584790574,Baton Rouge Metropolitan Airport,Baton Rouge
45,BTV,0.27899819087190125,0.3274710009613885,Burlington International Airport,South Burlington
46,BUF,0.08053765167094294,0.06219118486692211,Greater Buffalo International Airport,Buffalo
47,BUR,0.08690425576447136,0.1317431618050552,Burbank Glendale Pasadena Airport,Burbank
48,BWI,1.630800050900797,1.6527674783497845,Baltimore-Washington International Thurgood Mars,Baltimore
49,BZN,0.3552420826429626,0.37106358416683705,Gallatin Field Airport,Bozeman
50,CAE,0.16669329443547773,0.24437589980097865,Columbia Metropolitan Airport,West Columbia
51,CAK,0.2317359433414853,0.26868674682555865,Akron Canton Regional Airport,Canton
52,CDC,0.40177726072435355,0.44017733982813223,Cedar City Municipal Airport,Cedar City
53,CDV,0.3837043915628759,0.43819491024243684,Merle K Mudhole Smith Airport,Cordova
54,CEC,0.36585201213405993,0.4317467971689646,Jack Mcnamara Field Airport,Crescent City
55,CHA,0.29284075495590656,0.35478679388428563,Chattanooga Metropolitan Airport,Chattanooga
56,CHO,0.37273730514945047,0.42598731753052327,Charlottesville Albemarle Airport,Earlysville
58,CIC,0.37040029620615594,0.4242344324231716,Chico Municipal Airport,Chico
59,CID,0.2566421719862803,0.26442974013627596,Cedar Rapids Municipal Airport,Cedar Rapids
60,CLD,0.395752971003861,0.4077280976622765,Mcclellan Palomar Airport,Carlsbad
61,CLE,0.4336064027987756,0.7152660934345229,Hopkins International Airport,Cleveland
62,CLL,0.3867675588405976,0.4308077515757404,Easterwood Field Airport,College Station
63,CLT,1.8600328392427576,1.9809534793416896,Douglas International Airport,Charlotte
64,CMH,0.1207733834233131,0.1830150511950921,Port Columbus International Airport,Columbus
65,CMI,0.37316097343741617,0.4060378155944731,University of Illinois-Willard Airport,Savoy
66,CMX,0.39943205174967905,0.44576987802777807,Houghton County Memorial Airport,Hancock
67,COD,0.39728455464272183,0.43139204661152436,Yellowstone Regional Airport,Cody/Yellowstone
68,COS,0.18264599992793146,0.17772453036191563,City of Colorado Springs Municipal Airport,Colorado Springs
69,CPR,0.3791333296258355,0.405641329677334,Natrona County International Airport,Casper
70,CRP,0.3217203543616011,0.32116896164686215,Corpus Christi International Airport,Corpus Christi
71,CRW,0.32427329746456846,0.3790976409088656,Yeager Airport,Charleston
72,CSG,0.37172687906051727,0.42417182938362336,Columbus Metropolitan Airport,Columbus
73,CVG,0.6987015728237833,0.7500525157435141,Greater Cincinnati International Airport,Hebron
74,CWA,0.3596819440779233,0.3927868388900883,Central Wisconsin Airport,Mosinee
75,DAB,0.3368248121635257,0.40847933413685583,Daytona Beach International Airport,Daytona Beach
76,DAL,0.37218907887731734,0.5527068674075031,Dallas Love Field Airport,Dallas
77,DAY,0.12337981757182144,0.1533093449380885,James M Cox Dayton International Airport,Dayton
78,DBQ,0.38862532150546214,0.43166332644956684,Dubuque Regional Airport,Dubuque
79,DCA,0.9735484023887837,1.2123759628075221,Washington National Airport,Arlington
80,DEN,4.292781704471546,4.464729073419485,Denver International Airport,Denver
81,DFW,5.785951840775582,5.064069706374816,Fort Worth International Airport,Dallas
82,DHN,0.3649718754326087,0.4243387708224187,Dothan Airport,Dothan
83,DLG,0.40500807308806597,0.4516545637453159,Dillingham Municipal Airport,Dillingham
84,DLH,0.38454352810742726,0.4125693993873431,Duluth International Airport,Duluth
85,DRO,0.3491357926086702,0.38377200119513677,Durango la Plata County Airport,Durango
86,DSM,0.12943964076162726,0.13763771737117045,Des Moines International Airport,Des Moines
87,DTW,2.314048532231143,2.720316244086662,Detroit Metropolitan Wayne County Airport,Detroit
88,EGE,0.3532886529453316,0.40760289158317997,Eagle County Regional Airport,Gypsum
89,EKO,0.3982694695229173,0.42371274042693596,Elko Municipal Airport-J C Harris Field,Elko
90,ELM,0.3869233594368172,0.42584124377157734,Elmira Corning Regional Airport,Horseheads
91,ELP,0.14650481717796504,0.02000660605996246,El Paso International Airport,El Paso
92,ERI,0.38886950021766603,0.4281784239147129,Erie International Airport,Erie
93,EUG,0.32188708833299406,0.34767091505563175,Mahlon Sweet Field Airport,Eugene
94,EVV,0.33560756306089745,0.3539103513306098,Evansville Regional Airport,Evansville
95,EWN,0.3839822815151975,0.43285278420098405,Craven County Regional Airport,New Bern
96,EWR,3.066538989648644,2.021687190407767,Newark International Airport,Newark
97,EYW,0.3661490354929348,0.43030692725935427,Key West International Airport,Key West
98,FAI,0.3409731169271982,0.36488675093140727,Fairbanks International Airport,Fairbanks
99,FAR,0.34279990169573843,0.3631338658240556,Hector International Airport,Fargo
100,FAT,0.19728852262878382,0.19619242702865664,Fresno Yosemite International Airport,Fresno
101,FAY,0.30888366079354007,0.3893436717149332,Fayetteville Regional Airport,Fayetteville
102,FCA,0.3853762868497942,0.4081663189391145,Glacier Park International Airport,Kalispell
103,FLG,0.3873278943182296,0.41908011550036367,Flagstaff Pulliam Airport,Flagstaff
104,FLL,0.9503951582301091,0.8461064460904167,Fort Lauderdale Hollywood International Airport,Dania Beach
105,FLO,0.3924729584518687,0.43819491024243684,Florence Regional Airport,Florence
106,FNT,0.260842410282026,0.2882814982041686,Bishop International Airport,Flint
107,FSD,0.316120644043672,0.344686836837164,Sioux Falls Regional Airport,Sioux Falls
108,FSM,0.3739846210338053,0.4028241928976617,Smith Field Airport,Fort Smith
109,FWA,0.30931188465449466,0.34282961333056516,Fort Wayne Municipal Airport-Baer Field,Fort Wayne
110,GCC,0.3903956171689402,0.42342059290904405,Gillette Campbell County Airport,Gillette
111,GEG,0.2623721716916913,0.19066249186855905,Spokane International Airport,Spokane
112,GFK,0.39412754256142923,0.4296600291840221,Grand Forks Mark Andrews International Airport,Grand Forks
113,GGG,0.39703764258672464,0.4380905718431897,Gregg County Airport,Longview
114,GJT,0.32544499083730793,0.33992900583149516,Walker Field Airport,Grand Junction
115,GNV,0.3310073454567283,0.4028450605775111,Gainesville Regional Airport,Gainesville
116,GPT,0.28313556226040043,0.31578510024571055,Gulfport Biloxi Regional Airport,Gulfport
117,GRB,0.2983320426367004,0.3225879638766231,Austin Straubel International Airport,Green Bay
119,GRR,0.15935062189200383,0.16167728455770788,Gerald R. Ford International Airport,Grand Rapids
120,GSO,0.14609663783816154,0.2428108238122718,Triad International Airport,Greensboro
121,GSP,0.1924833042401151,0.24107880638476953,Greenville Spartanburg International Airport,Greer
122,GST,0.4063565226927739,0.45180063750426186,Gustavus Airport,Gustavus
123,GTF,0.3886098325573,0.41521959472822006,Great Falls International Airport,Great Falls
124,GTR,0.3842127935084347,0.437172393929815,Golden Triangle Regional Airport,Columbus
125,GUC,0.3803077563423683,0.42822015927441176,Gunnison County Airport,Gunnison
126,HDN,0.3656178556824316,0.41724375967361427,Yampa Valley Airport,Hayden
127,HLN,0.38798571905782364,0.41154688307472126,Helena Regional Airport,Helena
128,HNL,0.20242018475918402,0.7250321676040536,Honolulu International Airport,Honolulu
129,HOU,0.6107252583771651,0.6492198867110931,William P Hobby Airport,Houston
130,HPN,0.1778826928107604,0.23087451093840075,Westchester County Airport,Purchase
131,HRL,0.35111655574423445,0.35159403886732365,Grande Valley International Airport,Harlingen
132,HSV,0.1971800999916485,0.22843299239601805,Huntsville International Airport,Huntsville
133,HTS,0.4041188252406369,0.44862875016714926,Tri State Walker Long Field Airport,Huntington
134,IAD,1.0176190154831917,0.9315387273939622,Dulles International Airport,Washington
135,IAH,2.437863539381266,3.346680522446999,George Bush Intercontinental Airport,Houston
136,ICT,0.1764567984652415,0.17643073421125127,Wichita Mid-Continent Airport,Wichita
137,IDA,0.37791608052320724,0.39222341153415385,Fanning Field Airport,Idaho Falls
138,ILM,0.3140205248957992,0.3806209815378736,Wilmington International Airport,Wilmington
139,IND,0.300956317394022,0.34390486283415783,Indianapolis International Airport,Indianapolis
140,IPL,0.4035584897630049,0.43888354367746785,Imperial County Airport,Imperial
141,ISP,0.2829852283517674,0.26818592250917245,Long Island Macarthur Airport,Ronkonkoma
142,ITH,0.39928171784104605,0.44483083243455396,Tompkins County Airport,Ithaca
143,ITO,0.33692412365468327,0.28003876466364575,Hilo International Airport,Hilo
144,IYK,0.4038773798722264,0.4335205499561657,Inyokern Airport,Inyokern
145,JAC,0.3458767356924268,0.3762387687694944,Jackson Hole Airport,Jackson
146,JAN,0.14311911533263075,0.19178934658042798,Jackson International Airport,Pearl
147,JAX,0.1478298425188586,0.1479364813682089,Jacksonville International Airport,Jacksonville
148,JFK,2.4166783027537866,2.041970575221408,John F Kennedy International Airport,Jamaica
149,JNU,0.29038439000030347,0.3645737357336659,Juneau International Airport,Juneau
150,KOA,0.277809186321804,0.18634288213972808,Kailua-Kona International Airport,Kailua Kona
151,KTN,0.352015825852239,0.40372150313118693,Ketchikan International Airport,Ketchikan
152,LAN,0.3674409959925807,0.39349634000496875,Lansing Capital City Airport,Lansing
153,LAS,1.9974325650457156,2.7602152479587625,Mccarran International Airport,Las Vegas
154,LAW,0.4026054638937316,0.4465211145023574,Lawton Municipal Airport,Lawton
155,LAX,2.323414790296276,3.571675846583498,Los Angeles International Airport,Los Angeles
156,LBB,0.2735797923589295,0.2862782009386238,Lubbock International Airport,Lubbock
157,LCH,0.39141059883086227,0.42888792502959333,Lake Charles Regional Airport,Lake Charles
158,LEX,0.23246939059269472,0.2780980704376492,Blue Grass Field,Lexington
159,LFT,0.31611517735608535,0.3461893097863226,Lafayette Regional Airport,Lafayette
160,LGA,1.7825844539734368,1.6404764149184734,LaGuardia Airport,Flushing
161,LGB,0.21956618565899605,0.15007485456142766,Long Beach Daugherty Field Airport,Long Beach
162,LIH,0.3030907941808826,0.19329181952958657,Lihue Airport,Lihue
163,LIT,0.029279901913553057,0.09101932058755528,Adams Field Airport,Little Rock
164,LMT,0.35706340072391607,0.4229615039523567,Klamath Falls International Airport,Klamath Falls
165,LNK,0.35623793089833133,0.3955622403100618,Lincoln Municipal Airport,Lincoln
166,LRD,0.3603078798065952,0.4000696591575376,Laredo International Airport,Laredo
167,LSE,0.3724849264058666,0.4049944316020019,La Crosse Municipal Airport,La Crosse
168,LWB,0.404049580531206,0.45205104966245496,Greenbrier Valley Airport,Lewisburg
169,LWS,0.401633304617905,0.44061556110497013,Lewiston Nez Perce County Airport,Lewiston
170,LYH,0.38383285872116224,0.4350647582650231,Lynchburg Regional Airport,Lynchburg
171,MAF,0.3164614009032401,0.3171414994359232,Midland International Airport,Midland
172,MBS,0.35972476646401874,0.38139308569230235,MBS International Airport,Freeland
173,MCI,0.4419513013998027,0.5985322923568401,Kansas City International Airport,Kansas City
174,MCO,1.883524106917207,2.07055929661512,Orlando International Airport,Orlando
175,MDT,0.27879501231659726,0.31430349497640137,Harrisburg International Airport,Middletown
176,MDW,1.2609941246118257,1.3006045132108903,Chicago Midway International Airport,Chicago
177,MEI,0.39497579025195834,0.43923829423490807,Key Field Airport,Meridian
178,MEM,0.6360004884340591,1.043222549948084,Memphis International Airport,Memphis
179,MFE,0.3434139929346392,0.35875165305567636,Miller International Airport,Mcallen
180,MFR,0.31498266191105023,0.362320026309928,Rogue Valley International-Medford Airport,Central Point
181,MGM,0.30218150181230247,0.3668274451574038,Montgomery Regional Airport,Montgomery
182,MHK,0.4013827481035167,0.4479609844119677,Manhattan Municipal Airport,Manhattan
183,MHT,0.12177807810893186,0.1454004942751565,Manchester-Boston Regional Airport,Manchester
184,MIA,1.4819658368957547,0.8810806775180529,Miami International Airport,Miami
185,MKE,0.4280422259501598,0.47605987932056554,General Mitchell International Airport,Milwaukee
186,MLB,0.3474383861130142,0.412611134747042,Melbourne International Airport,Melbourne
187,MLI,0.261268811913785,0.2878850122870295,Quad City Airport,Coal Valley
188,MLU,0.35373874355663276,0.40497356392215245,Monroe Regional Airport,Monroe
189,MOB,0.2650690709011072,0.3136357292212198,Mobile Regional Airport,Mobile
190,MOD,0.35380343269307485,0.41822454062653724,Modesto City County Airport-Harry Sham Field,Modesto
191,MOT,0.4012624809766103,0.4463333053837125,Minot International Airport,Minot
192,MQT,0.3951434353379491,0.43587859777915067,Sawyer International Airport,Marquette
193,MRY,0.2986837328714418,0.3262398078502724,Monterey Peninsula Airport,Monterey
194,MSN,0.18502036456973478,0.18402656967644193,Dane County Regional Airport-Truax Field,Madison
195,MSO,0.3634266250747812,0.38688128549270107,Missoula International Airport,Missoula
196,MSP,1.484989826245772,2.045267668637617,Minneapolis St Paul International Airport,St. Paul
197,MSY,0.2144796975753424,0.2928625179224646,New Orleans International Airport,Kenner
198,MTJ,0.3521424707813298,0.39927668732325944,Montrose Regional Airport,Montrose
201,OAJ,0.36330818017707034,0.42041564701072687,Albert J Ellis Airport,Richlands
202,OAK,0.14335444761458463,0.5840083871816404,Oakland International Airport,Oakland
203,OGG,0.2031469894924812,0.02280287515978539,Kahului Airport,Kahului
204,OKC,0.05109107426970417,0.006870965586096775,Will Rogers World Airport,Oklahoma City
205,OMA,0.04497684891975961,0.08078428761275966,Eppley Airfield,Omaha
206,OME,0.3864514020751694,0.43068254549664386,Nome Airport,Nome
207,ONT,0.09471159675281085,0.07788368011368961,Ontario International Airport,Ontario
208,ORD,6.369990875783334,6.096018210288574,Chicago O'Hare International Airport,Chicago
209,ORF,0.09304243480968587,0.13527966954818543,Norfolk International Airport,Norfolk
210,OTH,0.3632225354048794,0.4241300940239245,North Bend Municipal Airport,North Bend
211,OTZ,0.38482415140354215,0.43074514853619217,Ralph Wien Memorial Airport,Kotzebue
212,OXR,0.400008787290071,0.4288253219900451,Oxnard Airport,Oxnard
213,PBI,0.2110839734694326,0.07886446106661257,Palm Beach International Airport,West Palm Beach
214,PDX,0.22679887805186688,0.6369079555999324,Portland International Airport,Portland
215,PFN,0.3005451399946974,0.373713779507714,Panama City Bay County Airport,Panama City
216,PHF,0.2514360631745903,0.32884826783145055,Newport News-Williamsburg International Airport,Newport News
217,PHL,1.9005255053117005,1.48421922820598,Philadelphia International Airport,Philadelphia
218,PHX,2.2866321828694756,3.375999612635441,Sky Harbor International Airport,Phoenix
219,PIA,0.3330190864886169,0.351760980306119,Greater Peoria Regional Airport,Peoria
220,PIH,0.3990092945763111,0.4232953868299475,Pocatello Municipal Airport,Pocatello
221,PIR,0.406945102722937,0.4531987720541733,Pierre Municipal Airport,Pierre
222,PIT,0.2867720853358508,0.2710140571201168,Pittsburgh International Airport,Coraopolis
223,PLN,0.40059190063264744,0.44576987802777807,Pellston Regional Airport,Pellston
224,PNS,0.2012655378480745,0.2551436226032819,Pensacola Regional Airport,Pensacola
225,PSC,0.3809519143629957,0.3933711339258722,Tri Cities Airport,Pasco
226,PSE,0.4008060125631247,0.43869573455882305,Mercedita Airport,Coto Laurel
227,PSG,0.38604048939157265,0.43944697103340236,Petersburg James A Johnson Airport,Petersburg
228,PSP,0.2512729736615884,0.21795741711160677,Palm Springs International Airport,Palm Springs
229,PVD,0.04184599444607472,0.07192539352533153,Theodore Francis Green State Airport,Warwick
230,PWM,0.2583596230030874,0.31745451463366453,Jetport International Airport,Portland
231,RAP,0.3462812705738391,0.3726286601555439,Rapid City Regional Airport,Rapid City
232,RDD,0.3663658807672054,0.42335798986949574,Redding Municipal Airport,Redding
233,RDM,0.3634366473353567,0.38698562389194824,Roberts Field Airport,Redmond
234,RDU,0.7132876064195736,0.6606971106282767,Durham International Airport,Raleigh/Durham
235,RHI,0.406733724136253,0.4524058002198952,Rhinelander-Oneida County Airport,Rhinelander
236,RIC,0.019370619548145167,0.10032630580039878,Richmond International Airport,Richmond
237,RKS,0.38278507693372027,0.41638818479978784,Rock Springs-Sweetwater County Airport,Rock Springs
238,RNO,0.14588252590768427,0.050181271122230815,Reno-Tahoe International Airport,Reno
239,ROA,0.3173752488448091,0.37542492925536686,Roanoke Regional Airport-Woodrum Field,Roanoke
240,ROC,0.097586163308793,0.17935220939017077,Greater Rochester International Airport,Rochester
241,ROW,0.38599128920329273,0.4300147797414623,Roswell Industrial Air Center,Roswell
242,RST,0.36314691289326406,0.39355894304451705,Rochester International Airport,Rochester
243,RSW,0.0777523743455428,0.09568381102524902,Southwest Florida International Airport,Fort Myers
245,SAN,0.7095720810898445,1.2734765294066381,San Diego International Airport,San Diego
246,SAT,0.13763355905515137,0.3411294614141843,San Antonio International Airport,San Antonio
247,SAV,0.11370286942884635,0.22012765581594695,Savannah International Airport,Savannah
248,SBA,0.2311300521339645,0.21539069249012752,Santa Barbara Municipal Airport,Goleta
249,SBN,0.2987657331852416,0.35881425609522466,South Bend Regional Airport,South Bend
250,SBP,0.32007397028342055,0.3682673150670141,San Luis Obispo County Airport,San Luis Obispo
251,SCC,0.39526005800646435,0.4386539991991242,Deadhorse Airport,Prudhoe Bay
252,SCE,0.39791686817357813,0.43594120081869897,University Park Airport,State College
253,SDF,0.002945310295173654,0.05619116291886518,Louisville International Airport,Louisville
254,SEA,0.9929314543418628,1.6532891703460202,Tacoma International Airport,Seattle
255,SFO,2.629314227582666,2.39492651219458,San Francisco International Airport,San Francisco
256,SGF,0.21350727358378804,0.27859889475403543,Springfield Regional Airport,Springfield
257,SGU,0.39102610847060093,0.39489447455488025,St George Municipal Airport,St. George
258,SHV,0.3117081160466446,0.34401907108198243,Shreveport Regional Airport,Shreveport
259,SIT,0.37884541741293837,0.4251526103365463,Sitka Airport,Sitka
260,SJC,0.1425143999554355,0.5652692106768569,Norman Y Mineta San Jose International Airport,San Jose
261,SJT,0.39533203605968864,0.44220150477352643,Mathis Field Airport,San Angelo
262,SJU,0.04853657365326904,0.010866562285914365,Luis Munoz Marin Airport,Carolina
263,SLC,1.2185489399598497,2.294886854996437,Salt Lake City International Airport,Salt Lake City
264,SMF,0.19243710211135628,0.5002246525861995,Sacramento International Airport,Sacramento
265,SMX,0.39715426525523995,0.4246309183403107,Santa Maria Public Airport,Santa Maria
266,SNA,0.18300159933679175,0.5040643056784937,John Wayne Airport,Santa Ana
267,SPI,0.37743501201558166,0.42317018075085094,Capital Airport,Springfield
269,SRQ,0.2655218948562017,0.3346494828295906,Sarasota Bradenton Airport,Sarasota
270,STL,0.5634912553992801,0.7717131674272171,Lambert St Louis International Airport,St. Louis
271,STT,0.3530171407951945,0.3909922184230378,Cyril E King International Airport,Charlotte Amalie
272,STX,0.3962786841267775,0.443850051481631,Henry E Rohlson International Airport,Frederiksted
273,SUN,0.3857042881049934,0.4018225442648893,Friedman Memorial Airport,Hailey
274,SUX,0.40690774702442817,0.45209278502215383,Sioux Gateway Airport,Sioux City
275,SWF,0.3668351047850599,0.4090427614927903,Stewart International Airport,New Windsor
276,SYR,0.20909565670135838,0.25844071601949103,Hancock International Airport,Syracuse
277,TEX,0.4049661618165683,0.4495886634402228,Telluride Regional Airport,Telluride
278,TLH,0.2460449980995518,0.33210362588796083,Tallahassee Regional Airport,Tallahassee
279,TOL,0.3908110854255259,0.42504827193729916,Toledo Express Airport,Swanton
280,TPA,0.8164786235344473,0.9866085345165944,Tampa International Airport,Tampa
281,TRI,0.34477793148750935,0.39875499532702385,Tri-Cities Regional Airport,Blountville
282,TUL,0.09461137414705552,0.02057003341589693,Tulsa International Airport,Tulsa
283,TUS,0.14804460084820587,0.0013618981058486094,Tucson International Airport,Tucson
284,TVC,0.32821295698535036,0.35772913674305457,Cherry Capital Airport,Traverse City
285,TWF,0.39815831354198866,0.4216677078016923,Twin Falls-Sun Valley Regional Airport,Twin Falls
286,TXK,0.38510113024126597,0.4250274042574497,Texarkana Regional Airport,Texarkana
287,TYR,0.38184389555421805,0.4258203760917279,Tyler Pounds Field Airport,Tyler
288,TYS,0.11350789090492236,0.1557091281207724,Mcghee Tyson Airport,Knoxville
289,VLD,0.3805974907844609,0.4314337819712232,Valdosta Regional Airport,Valdosta
290,VPS,0.22570436470421057,0.3080431910215739,Eglin Air Force Base,Eglin Village
292,WYS,0.4061542552520677,0.44616636394491715,Yellowstone Airport,West Yellowstone
293,XNA,0.10271027180668321,0.16622643876488252,Northwest Arkansas Regional Airport,Bentonville
294,YAK,0.38559039878027146,0.4382575132819851,Yakutat Airport,Yakutat
295,YUM,0.378262304070362,0.3866100056546586,Yuma International Airport,Yuma
