,code,Total_delay,count,name,city
0,ABE,0.3300268079633023,0.35842642487148185,Lehigh Valley International Airport,Allentown
1,ABI,0.37567845679392736,0.39369778654834015,Abilene Regional Airport,Abilene
2,ABQ,0.13684801134045152,0.2545502765377375,Albuquerque International Airport,Albuquerque
3,ABR,0.4167565040918087,0.4461418398292058,Aberdeen Regional Airport,Aberdeen
4,ABY,0.3966004105978436,0.42461284042859365,Southwest Georgia Regional Airport,Albany
5,ACK,0.40865357077575276,0.4389655066956684,Nantucket Memorial Airport,Nantucket
6,ACT,0.4167696277690906,0.44445824261312666,Waco Regional Airport,Waco
7,ACV,0.25999136674289863,0.37690390431795057,Arcata Airport,Mckinleyville
8,ACY,0.40151710255095713,0.42856929388637965,Atlantic City International Airport,Egg Harbor City
9,ADK,0.4148235739092882,0.4440794332395089,Adak Airport,Adak
10,ADQ,0.4067656360581988,0.4321469379705479,Kodiak Airport,Kodiak
11,AEX,0.35170056099436764,0.3702116053840359,Alexandria International Airport,Alexandria
12,AGS,0.3191107206813181,0.3674126250123043,Bush Field Airport,Augusta
13,AKN,0.4163402960408683,0.4446266023347346,King Salmon Airport,King Salmon
14,ALB,0.2051559560315008,0.19627496799785824,Albany International Airport,Latham
15,ALO,0.41563630449524613,0.44391107351790093,Waterloo Municipal Airport,Waterloo
16,AMA,0.2789063353282036,0.29889021831788276,Amarillo International Airport,Amarillo
17,ANC,0.21795060397583757,0.06573304885612076,Anchorage International Airport,Anchorage
18,ASE,0.3109412315733326,0.3550592304393235,Aspen Pitkin County Airport-Sardy Field,Aspen
19,ATL,8.91063277566516,8.280384475378275,Hartsfield-Jackson Atlanta International Airport,Atlanta
20,ATW,0.3321022237848835,0.3496506743826693,Outagamie County Airport,Appleton
21,AUS,0.26778012736545265,0.4509208468281699,Austin-Bergstrom International Airport,Austin
22,AVL,0.2763237831202288,0.32119788143093153,Asheville Regional Airport,Fletcher
23,AVP,0.3645702013803153,0.40125292905549537,Wilkes Barre Scranton International Airport,Pittston
24,AZO,0.3723694153078472,0.38172320134897714,Kalamazoo-Battle Creek International Airport,Kalamazoo
25,BDL,0.030204214186431436,0.05868478541212879,Bradley International Airport,Windsor Locks
26,BET,0.39846959720499486,0.4246759753241966,Bethel Airport,Bethel
27,BFL,0.3442988070073735,0.3748625426934546,Kern County-Meadows Field Airport,Bakersfield
28,BGM,0.404127776924536,0.42667524701829057,Greater Binghamton Edwin A Link Field Airport,Johnson City
29,BGR,0.3918890104536399,0.4226767036301026,Bangor International Airport,Bangor
30,BHM,0.010001108572203241,0.0037153363071443825,Birmingham International Airport,Birmingham
31,BIL,0.3759549914223675,0.3699169758712221,Logan International Airport,Billings
32,BIS,0.3514577729646524,0.3663182868218529,Bismarck Municipal Airport,Bismarck
33,BJI,0.41691211340815126,0.44471078219553856,Bemidji-Beltrami County Airport,Bemidji
35,BLI,0.41529133926383605,0.4419538917542089,Bellingham International Airport,Bellingham
36,BMI,0.3216407781801653,0.3515868111811603,Bloomington Normal Airport,Bloomington
37,BNA,0.7064577886235145,0.6986621771742175,Nashville International Airport,Nashville
38,BOI,0.20466381813342938,0.15205949611057942,Boise Air Terminal,Boise
39,BOS,1.7954192836330667,1.9431982842651299,Gen E L Logan International Airport,Boston
40,BQK,0.39758843601606697,0.4461839297596078,Glynco Jetport Airport,Brunswick
41,BQN,0.39378444441535493,0.4251179195934174,Rafael Hernandez Airport,Aguadilla
42,BRO,0.3805276555495911,0.413879908176089,Brownsville-South Padre Island International Air,Brownsville
43,BRW,0.3940900386149193,0.3942239106783649,Wiley Post Will Rogers Memorial Airport,Barrow
44,BTM,0.4095797274296472,0.4288849683643945,Bert Mooney Airport,Butte
45,BTR,0.20789880458341883,0.4290954180164044,Baton Rouge Metropolitan Airport,Baton Rouge
46,BTV,0.2447735255290102,0.25557967993424646,Burlington International Airport,South Burlington
47,BUF,0.08037776540193645,0.306319091033832,Greater Buffalo International Airport,Buffalo
48,BUR,0.009632850047046079,0.07621524142455299,Burbank Glendale Pasadena Airport,Burbank
49,BWI,1.8899191341179806,0.1134648298303043,Baltimore-Washington International Thurgood Mars,Baltimore
50,BZN,0.3448687495636162,1.7757645411260579,Gallatin Field Airport,Bozeman
51,CAE,0.19020715020189138,0.35068187767751774,Columbia Metropolitan Airport,West Columbia
52,CAK,0.217595327283706,0.26159853998172944,Akron Canton Regional Airport,Canton
53,CDC,0.4070224851707161,0.25467474643060395,Cedar City Municipal Airport,Cedar City
54,CDV,0.40471740499670156,0.4330518714741904,Merle K Mudhole Smith Airport,Cordova
55,CEC,0.3641718040342575,0.4310525997800964,Jack Mcnamara Field Airport,Crescent City
56,CHA,0.30783748189616217,0.4247180652545986,Chattanooga Metropolitan Airport,Chattanooga
57,CHO,0.39454936731978596,0.34470510756043676,Charlottesville Albemarle Airport,Earlysville
59,CIC,0.3704786683737328,0.18387948349447547,Chico Municipal Airport,Chico
60,CID,0.29150412811331183,0.41678411337382554,Cedar Rapids Municipal Airport,Cedar Rapids
61,CLD,0.3941772173282919,0.3081079130759161,Mcclellan Palomar Airport,Carlsbad
62,CLE,0.520769941356327,0.40941837555347926,Hopkins International Airport,Cleveland
63,CLL,0.40367688486935055,0.7359328105451699,Easterwood Field Airport,College Station
64,CLT,1.851779853125726,0.4296004971812281,Douglas International Airport,Charlotte
65,CMH,0.16274383883420956,2.194285764078135,Port Columbus International Airport,Columbus
66,CMI,0.3695178277155933,0.1859857799129139,University of Illinois-Willard Airport,Savoy
67,CMX,0.4078117806186706,0.395928552859645,Houghton County Memorial Airport,Hancock
68,COD,0.39633043780804444,0.4333885909174062,Yellowstone Regional Airport,Cody/Yellowstone
69,COS,0.16683575577385967,0.4190780145807334,City of Colorado Springs Municipal Airport,Colorado Springs
70,COU,0.40325598979080945,0.18236424600000423,Columbia Regional Airport,Columbia
71,CPR,0.38844591997818023,0.4289060133295955,Natrona County International Airport,Casper
72,CRP,0.30536929316164396,0.40095829954268153,Corpus Christi International Airport,Corpus Christi
73,CRW,0.29934177566716924,0.2821173810526941,Yeager Airport,Charleston
74,CSG,0.37641619493827444,0.35202875545038104,Columbus Metropolitan Airport,Columbus
75,CVG,0.6281994261804774,0.40958673527508715,Greater Cincinnati International Airport,Hebron
76,CWA,0.3691606762124215,0.586239973070532,Central Wisconsin Airport,Mosinee
77,CYS,0.4053304682068705,0.3987696231617786,Cheyenne Airport,Cheyenne
78,DAB,0.3575705943614595,0.4400177549557179,Daytona Beach International Airport,Daytona Beach
79,DAL,0.617343332851782,0.4005794901690637,Dallas Love Field Airport,Dallas
80,DAY,0.14063339667501715,0.528282138907007,James M Cox Dayton International Airport,Dayton
81,DBQ,0.39721722343009314,0.14465166835983115,Dubuque Regional Airport,Dubuque
82,DCA,0.9158451222507812,0.42619121281866784,Washington National Airport,Arlington
83,DEN,4.159237287539309,1.2103915510014767,Denver International Airport,Denver
84,DFW,5.151191372297583,4.572724596198358,Fort Worth International Airport,Dallas
85,DHN,0.38205093951981217,5.18810042364049,Dothan Airport,Dothan
86,DLG,0.4157581672128638,0.4169314281302325,Dillingham Municipal Airport,Dillingham
87,DLH,0.36597818447155966,0.44464764729993556,Duluth International Airport,Duluth
88,DRO,0.3663175252698489,0.38365933814746817,Durango la Plata County Airport,Durango
89,DSM,0.13881389256043308,0.37593583591870505,Des Moines International Airport,Des Moines
90,DTW,3.186326595922598,0.16575976845642357,Detroit Metropolitan Wayne County Airport,Detroit
91,EAU,0.39328949430072313,2.9404139603140145,Eau Claire County Airport,Eau Claire
93,EGE,0.36027782150361237,0.35861582955829074,Eagle County Regional Airport,Gypsum
94,EKO,0.3986092706274951,0.39409764088715893,Elko Municipal Airport-J C Harris Field,Elko
95,ELM,0.39111846311608806,0.4165526187566147,Elmira Corning Regional Airport,Horseheads
96,ELP,0.03318703855150431,0.4185098005203067,El Paso International Airport,El Paso
97,ERI,0.3882350037361496,0.014848122898467795,Erie International Airport,Erie
98,EUG,0.30106003998557856,0.42017235277118486,Mahlon Sweet Field Airport,Eugene
99,EVV,0.33832097200546596,0.3416746325714943,Evansville Regional Airport,Evansville
100,EWN,0.39606608945136607,0.35186039572877315,Craven County Regional Airport,New Bern
101,EWR,2.347258664470911,0.4256650886886431,Newark International Airport,Newark
102,EYW,0.37913748316322937,1.9566039270981601,Key West International Airport,Key West
103,FAI,0.35949602529981894,0.41581604497458,Fairbanks International Airport,Fairbanks
104,FAR,0.31899635720786157,0.35371235266646023,Hector International Airport,Fargo
105,FAT,0.18147334297078394,0.32734301126962045,Fresno Yosemite International Airport,Fresno
106,FAY,0.3353222117465508,0.18829892618668323,Fayetteville Regional Airport,Fayetteville
107,FCA,0.3920249342540596,0.3672232203254954,Glacier Park International Airport,Kalispell
108,FLG,0.3988604953068916,0.39925365736140134,Flagstaff Pulliam Airport,Flagstaff
109,FLL,0.9516615123641389,0.40407295439242796,Fort Lauderdale Hollywood International Airport,Dania Beach
110,FLO,0.40902478336172665,0.8663905498261034,Florence Regional Airport,Florence
111,FNT,0.3017471582318383,0.44029133950333077,Bishop International Airport,Flint
112,FSD,0.278481690627582,0.3265222576267819,Sioux Falls Regional Airport,Sioux Falls
113,FSM,0.38816938534974005,0.3105491290392309,Smith Field Airport,Fort Smith
114,FWA,0.3021943006649432,0.40685088979895856,Fort Wayne Municipal Airport-Baer Field,Fort Wayne
115,GCC,0.39744407556596606,0.33996999039021414,Gillette Campbell County Airport,Gillette
116,GEG,0.2294769422514303,0.4155845503573692,Spokane International Airport,Spokane
117,GFK,0.38761912830942025,0.16281347332828502,Grand Forks Mark Andrews International Airport,Grand Forks
118,GGG,0.4090725910432536,0.41023912919631783,Gregg County Airport,Longview
119,GJT,0.345604612896923,0.43410411973423985,Walker Field Airport,Grand Junction
120,GNV,0.3555907939029322,0.33113110500579856,Gainesville Regional Airport,Gainesville
121,GPT,0.2617415028489926,0.3967913964328856,Gulfport Biloxi Regional Airport,Gulfport
122,GRB,0.2810754917017984,0.3022153228196391,Austin Straubel International Airport,Green Bay
124,GRR,0.1438055769551575,0.3819126060357861,Gerald R. Ford International Airport,Grand Rapids
125,GSO,0.17703847745502033,0.16784322001132151,Triad International Airport,Greensboro
126,GSP,0.1990431346346937,0.23714429041817972,Greenville Spartanburg International Airport,Greer
127,GST,0.4157497305631826,0.2340296355684333,Gustavus Airport,Gustavus
128,GTF,0.3969622491286161,0.4447949620563425,Great Falls International Airport,Great Falls
129,GTR,0.40593884438943884,0.40630372070373283,Golden Triangle Regional Airport,Columbus
130,GUC,0.3984686597994747,0.4328624667873815,Gunnison County Airport,Gunnison
131,GUM,0.4171052189452993,0.4277064503131391,Antonio B Won Pat International Airport,Hagåtña
132,HDN,0.38925677575309786,0.44603661500320085,Yampa Valley Airport,Hayden
133,HLN,0.402122666516965,0.41103883787395545,Helena Regional Airport,Helena
134,HNL,0.09092357750346687,0.41164914186478413,Honolulu International Airport,Honolulu
135,HOU,0.8663248008385547,0.677848706590439,William P Hobby Airport,Houston
136,HPN,0.16107539885262373,0.6567616514590476,Westchester County Airport,Purchase
137,HRL,0.3457658466463864,0.21616246011279325,Grande Valley International Airport,Harlingen
138,HSV,0.20953457721605623,0.3374445945660954,Huntsville International Airport,Huntsville
139,HTS,0.4145967217734153,0.21252168113302208,Tri State Walker Long Field Airport,Huntington
140,IAD,1.0948623918366804,0.44043865425973766,Dulles International Airport,Washington
141,IAH,2.8288788726064045,1.1736470417605491,George Bush Intercontinental Airport,Houston
142,ICT,0.19388177984082466,3.409885044017687,Wichita Mid-Continent Airport,Wichita
143,IDA,0.38830718396120006,0.18232215606960225,Fanning Field Airport,Idaho Falls
144,ILM,0.3412588009055723,0.3889626693781175,Wilmington International Airport,Wilmington
145,IND,0.32926549283669554,0.3629931823200966,Indianapolis International Airport,Indianapolis
146,IPL,0.4109249043510424,0.33294277191142313,Imperial County Airport,Imperial
147,ISP,0.30247739713202426,0.43090528502368947,Long Island Macarthur Airport,Ronkonkoma
148,ITH,0.3998466459140747,0.27889750137694275,Tompkins County Airport,Ithaca
149,ITO,0.3682692035627721,0.4263174826098738,Hilo International Airport,Hilo
150,IYK,0.4133490350261142,0.294302415904067,Inyokern Airport,Inyokern
151,JAC,0.34989043093498495,0.42503373973261344,Jackson Hole Airport,Jackson
152,JAN,0.16339828973152085,0.3739365642246111,Jackson International Airport,Pearl
153,JAX,0.08359775336360374,0.19086641194120396,Jacksonville International Airport,Jacksonville
154,JFK,2.4719064138889197,0.17647345564206668,John F Kennedy International Airport,Jamaica
155,JNU,0.34031577095231547,1.911420386811636,Juneau International Airport,Juneau
156,KOA,0.3176136840656609,0.3583422450106779,Kailua-Kona International Airport,Kailua Kona
157,KTN,0.3820031318382852,0.19894767857838389,Ketchikan International Airport,Ketchikan
158,LAN,0.3610924269006106,0.39632840719846385,Lansing Capital City Airport,Lansing
159,LAS,2.404473210392414,0.370022200697227,Mccarran International Airport,Las Vegas
160,LAX,3.0438756408661654,2.6102605462408923,Los Angeles International Airport,Los Angeles
161,LBB,0.2857606444914383,3.755927406817556,Lubbock International Airport,Lubbock
162,LCH,0.4042580762918349,0.27597225121400526,Lake Charles Regional Airport,Lake Charles
163,LEX,0.20481849004425182,0.4248864249762065,Blue Grass Field,Lexington
164,LFT,0.327343953364673,0.240616709676343,Lafayette Regional Airport,Lafayette
165,LGA,1.6251208227899525,0.330205126536955,LaGuardia Airport,Flushing
166,LGB,0.13633351755415313,1.712040386497462,Long Beach Daugherty Field Airport,Long Beach
167,LIH,0.31637162175148065,0.15557400529914467,Lihue Airport,Lihue
168,LIT,0.00043019821161429056,0.19962111746481556,Adams Field Airport,Little Rock
169,LMT,0.35612511504940975,0.03502844462787717,Klamath Falls International Airport,Klamath Falls
170,LNK,0.3559985653041914,0.4175206871558602,Lincoln Municipal Airport,Lincoln
171,LRD,0.3728662402335193,0.3844169568947038,Laredo International Airport,Laredo
172,LSE,0.367579273099952,0.3905620867333927,La Crosse Municipal Airport,La Crosse
173,LWB,0.4032438035190477,0.37774570292599013,Greenbrier Valley Airport,Lewisburg
174,LWS,0.411900743497504,0.4376396738880061,Lewiston Nez Perce County Airport,Lewiston
175,LYH,0.3997969634215075,0.4304633407544687,Lynchburg Regional Airport,Lynchburg
176,MAF,0.3045968710130519,0.4264647973662807,Midland International Airport,Midland
177,MBS,0.353260403779874,0.29045118727228597,MBS International Airport,Freeland
178,MCI,0.5281201380397137,0.36244601322487086,Kansas City International Airport,Kansas City
179,MCO,1.974974623987524,0.6116833359985282,Orlando International Airport,Orlando
180,MDT,0.31398686210825455,2.127909943834214,Harrisburg International Airport,Middletown
181,MDW,1.6776136571065305,0.3215977357697503,Chicago Midway International Airport,Chicago
182,MEI,0.4016230293747325,1.3361352180773887,Key Field Airport,Meridian
183,MEM,0.9900117095984243,0.4319996232141409,Memphis International Airport,Memphis
184,MFE,0.35226769133404995,1.2011528112782424,Miller International Airport,Mcallen
185,MFR,0.2945910044911198,0.35352294797965134,Rogue Valley International-Medford Airport,Central Point
186,MGM,0.32110833184472803,0.3543437016224899,Montgomery Regional Airport,Montgomery
187,MHK,0.39187213715427743,0.35005052872148806,Manhattan Municipal Airport,Manhattan
188,MHT,0.19458389657540656,0.42433925588098076,Manchester-Boston Regional Airport,Manchester
189,MIA,1.394282838645413,0.15407981276987442,Miami International Airport,Miami
190,MKE,0.5218488951100037,1.0175565348648106,General Mitchell International Airport,Milwaukee
191,MKG,0.40460491633428525,0.5034701249350405,Muskegon County Airport,Muskegon
192,MLB,0.3691288044247369,0.4316629037709251,Melbourne International Airport,Melbourne
193,MLI,0.2765440734174608,0.4063458106341348,Quad City Airport,Coal Valley
194,MLU,0.36779956339718395,0.3021732328892371,Monroe Regional Airport,Monroe
196,MOB,0.2761259905554801,0.44591034521199496,Mobile Regional Airport,Mobile
197,MOD,0.36097337639955335,0.3012262094551926,Modesto City County Airport-Harry Sham Field,Modesto
198,MOT,0.3901829324069923,0.409986589613906,Minot International Airport,Minot
199,MQT,0.40230077356579086,0.4190780145807334,Sawyer International Airport,Marquette
200,MRY,0.2805111735786765,0.4253494142106283,Monterey Peninsula Airport,Monterey
201,MSN,0.2043938453436302,0.3281006300168561,Dane County Regional Airport-Truax Field,Madison
202,MSO,0.3725972048492402,0.23680757097496388,Missoula International Airport,Missoula
203,MSP,2.26118890182858,0.37753525327398024,Minneapolis St Paul International Airport,St. Paul
204,MSY,0.2691806112125359,2.2012516475596624,New Orleans International Airport,Kenner
205,MTJ,0.37171416884927205,0.35922793344745896,Montrose Regional Airport,Montrose
208,OAJ,0.3808248130994742,0.3605098764263798,Albert J Ellis Airport,Richlands
209,OAK,0.3174354351725787,0.41545828056616324,Oakland International Airport,Oakland
210,OGG,0.22837830298183087,0.544465717146568,Kahului Airport,Kahului
211,OKC,0.035162151982430945,0.01150017353317098,Will Rogers World Airport,Oklahoma City
212,OMA,0.02518239097080638,0.01573201143690935,Eppley Airfield,Omaha
213,OME,0.39776185603729214,0.07764629905822028,Nome Airport,Nome
214,ONT,0.04741779175268951,0.4234553673425392,Ontario International Airport,Ontario
215,ORD,6.838253210563693,0.06975443710784923,Chicago O'Hare International Airport,Chicago
216,ORF,0.1069186697378044,6.149223984369677,Norfolk International Airport,Norfolk
217,OTH,0.3282091786597585,0.10841223828372734,North Bend Municipal Airport,North Bend
218,OTZ,0.4004165884703174,0.41823621597269384,Ralph Wien Memorial Airport,Kotzebue
219,OXR,0.41414676712375,0.4234764123077402,Oxnard Airport,Oxnard
220,PAH,0.4002497302877332,0.43673474038436355,Barkley Regional Airport,West Paducah
221,PBI,0.12500295518801255,0.4326309721701706,Palm Beach International Airport,West Palm Beach
222,PDX,0.2631146600917356,0.09902798370242555,Portland International Airport,Portland
223,PFN,0.3812822669933006,0.6646114234790167,Panama City Bay County Airport,Panama City
224,PHF,0.29945426432958555,0.4132906491504613,Newport News-Williamsburg International Airport,Newport News
225,PHL,1.3633109602601183,0.32660643748758583,Philadelphia International Airport,Philadelphia
226,PHX,2.4376629902383504,1.418757751456473,Sky Harbor International Airport,Phoenix
227,PIA,0.3471719549265904,3.369604980622993,Greater Peoria Regional Airport,Peoria
228,PIE,0.41708272121281603,0.3672653102558974,St. Petersburg-Clearwater International Airport,Clearwater
229,PIH,0.403459406788679,0.4455315358383771,Pocatello Municipal Airport,Pocatello
230,PIT,0.27357985531853435,0.4167209784782226,Pittsburgh International Airport,Coraopolis
231,PLN,0.40909977580333756,0.3415291177134268,Pellston Regional Airport,Pellston
232,PNS,0.2101138938275003,0.4384604275308447,Pensacola Regional Airport,Pensacola
233,PSC,0.37325995055197636,0.2180775519460833,Tri Cities Airport,Pasco
234,PSE,0.4074021344063712,0.3728632709993606,Mercedita Airport,Coto Laurel
235,PSG,0.4048777013406448,0.43037916089366474,Petersburg James A Johnson Airport,Petersburg
236,PSP,0.21091162592513607,0.4310105098496944,Palm Springs International Airport,Palm Springs
237,PVD,0.09651253105877423,0.20780760892800046,Theodore Francis Green State Airport,Warwick
238,PWM,0.2657376625813325,0.04647690569721542,Jetport International Airport,Portland
239,RAP,0.30780373529743726,0.29411301121725814,Rapid City Regional Airport,Rapid City
240,RDD,0.38556714762584243,0.3248597053759037,Redding Municipal Airport,Redding
241,RDM,0.37203663634819883,0.4157739550441781,Roberts Field Airport,Redmond
242,RDU,0.5187685805708366,0.38031318868051084,Durham International Airport,Raleigh/Durham
243,RIC,0.06882157199395567,0.5833568128379965,Richmond International Airport,Richmond
244,RKS,0.3857771264623529,0.08395798872017761,Rock Springs-Sweetwater County Airport,Rock Springs
245,RNO,0.0648141633953741,0.407882093093807,Reno-Tahoe International Airport,Reno
246,ROA,0.3304223930927997,0.010300610516714583,Roanoke Regional Airport-Woodrum Field,Roanoke
247,ROC,0.11504878781394426,0.37221087707812994,Greater Rochester International Airport,Rochester
248,ROW,0.3962067002793865,0.15637371397678226,Roswell Industrial Air Center,Roswell
249,RST,0.35679910961838757,0.42175072516125905,Rochester International Airport,Rochester
250,RSW,0.10365916890003508,0.3727580461733557,Southwest Florida International Airport,Fort Myers
252,SAN,0.8543400712636154,0.41918323940673835,San Diego International Airport,San Diego
253,SAT,0.2185860230742335,1.2091919879850204,San Antonio International Airport,San Antonio
254,SAV,0.15602653272117104,0.37118147368162097,Savannah International Airport,Savannah
255,SBA,0.19962807567925858,0.21374228911467946,Santa Barbara Municipal Airport,Goleta
256,SBN,0.3089126860277582,0.21359497435827254,South Bend Regional Airport,South Bend
257,SBP,0.29985453648668364,0.34466301763003476,San Luis Obispo County Airport,San Luis Obispo
258,SCC,0.40402747453388144,0.34626243498530995,Deadhorse Airport,Prudhoe Bay
259,SCE,0.4002337943938909,0.431936488318538,University Park Airport,State College
260,SDF,0.036967595014212956,0.4256229987582411,Louisville International Airport,Louisville
261,SEA,0.8290835543345901,0.05849358082698039,Tacoma International Airport,Seattle
262,SFO,3.469978944477122,1.6287444142319458,San Francisco International Airport,San Francisco
263,SGF,0.24392048650568637,2.5000901534137125,Springfield Regional Airport,Springfield
264,SGU,0.3935079097869148,0.27262610174704793,St George Municipal Airport,St. George
265,SHV,0.3433154686167508,0.3968545313284886,Shreveport Regional Airport,Shreveport
266,SIT,0.3934422914005053,0.34255852110993584,Sitka Airport,Sitka
267,SJC,0.19536367612390343,0.41945682395435124,Norman Y Mineta San Jose International Airport,San Jose
268,SJT,0.4122513331620349,0.42652973216022316,Mathis Field Airport,San Angelo
269,SJU,0.07418901415799832,0.43907073152167336,Luis Munoz Marin Airport,Carolina
270,SLC,1.5849726817680463,0.01728933886178257,Salt Lake City International Airport,Salt Lake City
271,SMF,0.30107958365724513,2.177996961012569,Sacramento International Airport,Sacramento
272,SMX,0.4042890106739994,0.4908221008492459,Santa Maria Public Airport,Santa Maria
273,SNA,0.22054051358371715,0.41682620330422754,John Wayne Airport,Santa Ana
274,SPI,0.38334924616520055,0.43235918752089725,Capital Airport,Springfield
276,SRQ,0.30444594872430997,0.43810266312242785,Sarasota Bradenton Airport,Sarasota
277,STL,0.75797009676603,0.32361805242904534,Lambert St Louis International Airport,St. Louis
278,STT,0.3405866811476348,0.7519059391327209,Cyril E King International Airport,Charlotte Amalie
279,STX,0.4044305589075399,0.38313321401744344,Henry E Rohlson International Airport,Frederiksted
280,SUN,0.39431782815631233,0.4361875712891378,Friedman Memorial Airport,Hailey
281,SUX,0.41531946142944015,0.398012004414543,Sioux Gateway Airport,Sioux City
282,SWF,0.37614340993191486,0.44306927490986137,Stewart International Airport,New Windsor
283,SYR,0.15542284356620342,0.40165278339431415,Hancock International Airport,Syracuse
284,TEX,0.4159690834548944,0.2136791542190765,Telluride Regional Airport,Telluride
285,TLH,0.2626207892268802,0.4423958360234297,Tallahassee Regional Airport,Tallahassee
286,TOL,0.39398504919666405,0.31917756477163656,Toledo Express Airport,Swanton
287,TPA,0.813199217795885,0.42551777393223617,Tampa International Airport,Tampa
288,TRI,0.353032614238481,1.0008678774604258,Tri-Cities Regional Airport,Blountville
289,TUL,0.08699036578523237,0.37570434130149416,Tulsa International Airport,Tulsa
290,TUS,0.1312705903398984,0.017645303371859895,Tucson International Airport,Tucson
291,TVC,0.3188632456240022,0.02513911088175163,Cherry Capital Airport,Traverse City
292,TWF,0.3972847166275429,0.3459257155420941,Twin Falls-Sun Valley Regional Airport,Twin Falls
293,TXK,0.39396723849178145,0.4155424604269672,Texarkana Regional Airport,Texarkana
294,TYR,0.40619756831299636,0.4191201045111354,Tyler Pounds Field Airport,Tyler
295,TYS,0.10848038733435103,0.43094737495409147,Mcghee Tyson Airport,Knoxville
297,VLD,0.39727534257234154,0.4433428594574742,Valdosta Regional Airport,Valdosta
298,VPS,0.24142323820004397,0.4242971659505788,Eglin Air Force Base,Eglin Village
300,WYS,0.4158781551194412,0.4310105098496944,Yellowstone Airport,West Yellowstone
301,XNA,0.08771591765781765,0.4407964186681545,Northwest Arkansas Regional Airport,Bentonville
302,YAK,0.4060578948904961,0.15485847648231102,Yakutat Airport,Yakutat
303,YUM,0.3761405977153544,0.4310525997800964,Yuma International Airport,Yuma
