,code,Total_delay,count,name,city
0,ABE,0.33529658327116396,0.362912774212325,Lehigh Valley International Airport,Allentown
1,ABI,0.36269082012720877,0.37164880865763433,Abilene Regional Airport,Abilene
2,ABQ,0.15585537420163528,0.2475230655109102,Albuquerque International Airport,Albuquerque
3,ABR,0.3887580383612855,0.41135212938295834,Aberdeen Regional Airport,Aberdeen
4,ABY,0.37287158771237555,0.4029420663721754,Southwest Georgia Regional Airport,Albany
5,ACK,0.37777012536710136,0.41706749520165576,Nantucket Memorial Airport,Nantucket
6,ACT,0.3671281318339247,0.39031610614151685,Waco Regional Airport,Waco
7,ACV,0.2046861421834299,0.34889600252768677,Arcata Airport,Mckinleyville
8,ACY,0.3930005218658248,0.4243909867640171,Atlantic City International Airport,Egg Harbor City
9,ADK,0.38946876369065414,0.422369963869953,Adak Airport,Adak
10,ADQ,0.3834261073588607,0.4100917065027893,Kodiak Airport,Kodiak
11,AEX,0.3020803628429339,0.3441802824415372,Alexandria International Airport,Alexandria
12,AGS,0.31800657434943086,0.3572843341095013,Bush Field Airport,Augusta
13,AKN,0.3917331445302372,0.42282632387829006,King Salmon Airport,King Salmon
14,ALB,0.20134722416755652,0.21839877157225684,Albany International Airport,Latham
15,ALO,0.3855781637757603,0.4135904665667067,Waterloo Municipal Airport,Waterloo
16,AMA,0.25834341949716766,0.26446940098533117,Amarillo International Airport,Amarillo
17,ANC,0.16275334775067654,0.04072260832636255,Anchorage International Airport,Anchorage
18,APN,0.3904389286157784,0.420305478117952,Alpena County Regional Airport,Alpena
19,ART,0.37792221064737186,0.4110478893774003,Watertown International Airport,Dexter
20,ASE,0.291045730841085,0.3194716477044308,Aspen Pitkin County Airport-Sardy Field,Aspen
21,ATL,6.265705567274362,8.094394363147956,Hartsfield-Jackson Atlanta International Airport,Atlanta
22,ATW,0.31760896577356024,0.3443975967312215,Outagamie County Airport,Appleton
23,AUS,0.3324144563384158,0.5212304133683023,Austin-Bergstrom International Airport,Austin
24,AVL,0.28544541404994755,0.33068506505214135,Asheville Regional Airport,Fletcher
25,AVP,0.36580508929771527,0.3961401291050564,Wilkes Barre Scranton International Airport,Pittston
26,AZA,0.39248263669575334,0.423630386750122,Phoenix-Mesa Gateway Airport,Phoenix
27,AZO,0.385348544823195,0.4082662664694411,Kalamazoo-Battle Creek International Airport,Kalamazoo
28,BDL,0.053534248044780845,0.031208421559145046,Bradley International Airport,Windsor Locks
29,BET,0.3793108585985999,0.40333323209360716,Bethel Airport,Bethel
30,BFL,0.30058933068341914,0.3400947737954721,Kern County-Meadows Field Airport,Bakersfield
31,BGR,0.3832720340357108,0.41185195224923227,Bangor International Airport,Bangor
32,BHM,0.04850748162433676,0.041374551195415485,Birmingham International Airport,Birmingham
33,BIL,0.35513725120710704,0.34813540251379166,Logan International Airport,Billings
34,BIS,0.3462059685716136,0.35430712834082617,Bismarck Municipal Airport,Bismarck
35,BJI,0.38701054867033413,0.4116781008174848,Bemidji-Beltrami County Airport,Bemidji
37,BLI,0.38029195775956065,0.40518040355592383,Bellingham International Airport,Bellingham
38,BMI,0.3480717468138864,0.37082301435683396,Bloomington Normal Airport,Bloomington
39,BNA,0.6366416761014879,0.7717503265163784,Nashville International Airport,Nashville
40,BOI,0.20769603910277035,0.18986540533670654,Boise Air Terminal,Boise
41,BOS,1.5286705519385457,1.8184228713519035,Gen E L Logan International Airport,Boston
42,BPT,0.392720207819836,0.424434449621954,Jefferson County Airport,Beaumont
43,BQK,0.37477513876935603,0.40385478638884953,Glynco Jetport Airport,Brunswick
44,BQN,0.3675625192030633,0.3924457861804231,Rafael Hernandez Airport,Aguadilla
45,BRD,0.3916238021718728,0.4211312724187524,Brainerd-Crow Wing County Regional Airport,Brainerd
46,BRO,0.33918917122893716,0.3740609972731302,Brownsville-South Padre Island International Air,Brownsville
47,BRW,0.37712898153851,0.4066146778678403,Wiley Post Will Rogers Memorial Airport,Barrow
48,BTM,0.3901258118622803,0.40935283791786264,Bert Mooney Airport,Butte
49,BTR,0.1721766709988098,0.2454544006379538,Baton Rouge Metropolitan Airport,Baton Rouge
50,BTV,0.27856777970882585,0.3389864709180821,Burlington International Airport,South Burlington
51,BUF,0.028840308661211136,0.05376564482837673,Greater Buffalo International Airport,Buffalo
52,BUR,0.06693266303018046,0.13969171496955407,Burbank Glendale Pasadena Airport,Burbank
53,BWI,1.9812952324309232,1.8208350599673992,Baltimore-Washington International Thurgood Mars,Baltimore
54,BZN,0.3410668777284861,0.342659082413747,Gallatin Field Airport,Bozeman
55,CAE,0.20312254645881875,0.2817676184442025,Columbia Metropolitan Airport,West Columbia
56,CAK,0.2521208452847927,0.2469104063788387,Akron Canton Regional Airport,Canton
57,CDC,0.3878504967868608,0.4105697979400948,Cedar City Municipal Airport,Cedar City
58,CDV,0.38435849946927725,0.40891820933849404,Merle K Mudhole Smith Airport,Cordova
59,CEC,0.3214767031953415,0.40270302065352265,Jack Mcnamara Field Airport,Crescent City
60,CHA,0.2958886032951889,0.31762447624211415,Chattanooga Metropolitan Airport,Chattanooga
61,CHO,0.3552863544230585,0.3863392546402939,Charlottesville Albemarle Airport,Earlysville
63,CIC,0.33631247318251334,0.3966834148292672,Chico Municipal Airport,Chico
64,CID,0.24801454271748907,0.2793988926866435,Cedar Rapids Municipal Airport,Cedar Rapids
65,CLD,0.3518132435128288,0.3731482772564561,Mcclellan Palomar Airport,Carlsbad
66,CLE,0.5574628983240559,0.6045704434622364,Hopkins International Airport,Cleveland
67,CLL,0.3633160596127653,0.3844703517490088,Easterwood Field Airport,College Station
68,CLT,1.691445538771332,2.5296273472017545,Douglas International Airport,Charlotte
69,CMH,0.16449938464106217,0.1828937957587955,Port Columbus International Airport,Columbus
70,CMI,0.3497556191326984,0.3751475687215518,University of Illinois-Willard Airport,Savoy
71,CMX,0.3725256682513681,0.4086791636198413,Houghton County Memorial Airport,Hancock
72,COD,0.38054543322667816,0.40465884926068146,Yellowstone Regional Airport,Cody/Yellowstone
73,COS,0.17526211354756566,0.1723498735881509,City of Colorado Springs Municipal Airport,Colorado Springs
74,COU,0.3811488042405618,0.4130689122714644,Columbia Regional Airport,Columbia
75,CPR,0.37264395680268964,0.3765601116044998,Natrona County International Airport,Casper
76,CRP,0.25255225058961234,0.2671858296063851,Corpus Christi International Airport,Corpus Christi
77,CRW,0.29200595555181247,0.3437021910042317,Yeager Airport,Charleston
78,CSG,0.34972381044662876,0.3786897916434061,Columbus Metropolitan Airport,Columbus
79,CVG,0.16245567656108728,0.16792084119954634,Greater Cincinnati International Airport,Hebron
80,CWA,0.35079039545140167,0.38916434040618997,Central Wisconsin Airport,Mosinee
81,CYS,0.38960395060645014,0.42263074101757414,Cheyenne Airport,Cheyenne
82,DAB,0.3677871680484302,0.3828404945763765,Daytona Beach International Airport,Daytona Beach
83,DAL,0.39864511084262166,0.5629764884166589,Dallas Love Field Airport,Dallas
84,DAY,0.14760943111720498,0.16326613627934664,James M Cox Dayton International Airport,Dayton
85,DBQ,0.38988525867387863,0.421565900998121,Dubuque Regional Airport,Dubuque
86,DCA,0.9390100757723651,1.116019624234267,Washington National Airport,Arlington
87,DEN,4.707713141518676,4.697685089666272,Denver International Airport,Denver
88,DFW,5.942731103158991,5.496423761400964,Fort Worth International Airport,Dallas
89,DHN,0.36366396711665205,0.3952056776594139,Dothan Airport,Dothan
90,DLG,0.3916327483648299,0.42282632387829006,Dillingham Municipal Airport,Dillingham
91,DLH,0.3677702696839557,0.3782117002061006,Duluth International Airport,Duluth
92,DRO,0.3414893368403486,0.3635864485103463,Durango la Plata County Airport,Durango
93,DRT,0.38850853897992665,0.41656767233538183,Del Rio International Airport,Del Rio
94,DSM,0.17481082781395255,0.18880056531725342,Des Moines International Airport,Des Moines
95,DTW,1.344890898063955,1.5755958840586521,Detroit Metropolitan Wayne County Airport,Detroit
96,EAU,0.37865778651273246,0.40880955219365184,Eau Claire County Airport,Eau Claire
98,EGE,0.35320288548549655,0.3824927917128816,Eagle County Regional Airport,Gypsum
99,EKO,0.3855831338829587,0.40289860351423856,Elko Municipal Airport-J C Harris Field,Elko
100,ELM,0.3723358101563899,0.40187722635272227,Elmira Corning Regional Airport,Horseheads
101,ELP,0.04812975347725969,0.02557998145632134,El Paso International Airport,El Paso
102,ESC,0.38658311945127327,0.4189581295219093,Delta County Airport,Escanaba
103,EUG,0.2615352223399689,0.31119197326745845,Mahlon Sweet Field Airport,Eugene
104,EVV,0.3176487266311473,0.34637515676734876,Evansville Regional Airport,Evansville
105,EWN,0.3727890839328824,0.4036157406701968,Craven County Regional Airport,New Bern
106,EWR,3.5463263240009586,2.179838266525884,Newark International Airport,Newark
107,EYW,0.3667146189150193,0.37608202016719433,Key West International Airport,Key West
108,FAI,0.33245467597512884,0.3262083906846445,Fairbanks International Airport,Fairbanks
109,FAR,0.2900387871226927,0.31234373900278534,Hector International Airport,Fargo
110,FAT,0.12322111509474191,0.1770003993873952,Fresno Yosemite International Airport,Fresno
111,FAY,0.3224747007207767,0.35739299125434343,Fayetteville Regional Airport,Fayetteville
112,FCA,0.3777542210240665,0.38021099167119626,Glacier Park International Airport,Kalispell
113,FLG,0.37290339639844516,0.37551700301401514,Flagstaff Pulliam Airport,Flagstaff
114,FLL,1.0190476880736776,1.034896199895113,Fort Lauderdale Hollywood International Airport,Dania Beach
115,FNT,0.35479331978897893,0.35141684828802483,Bishop International Airport,Flint
116,FSD,0.2651196636514424,0.2918292700565862,Sioux Falls Regional Airport,Sioux Falls
117,FSM,0.36274847337071003,0.37945039165730116,Smith Field Airport,Fort Smith
118,FWA,0.32366355036262984,0.3435066081435158,Fort Wayne Municipal Airport-Baer Field,Fort Wayne
119,GCC,0.37389443577380266,0.38699119750934685,Gillette Campbell County Airport,Gillette
120,GCK,0.3869200927193236,0.4128298665528117,Garden City Regional Airport,Pierceville
121,GEG,0.2719008779129155,0.1976669883363734,Spokane International Airport,Spokane
122,GFK,0.37939932650673114,0.3846224717517878,Grand Forks Mark Andrews International Airport,Grand Forks
123,GGG,0.3814698731655773,0.41074364937184227,Gregg County Airport,Longview
124,GJT,0.3154161544776339,0.3136476247408912,Walker Field Airport,Grand Junction
125,GNV,0.32533648844560537,0.3575885741150593,Gainesville Regional Airport,Gainesville
126,GPT,0.276228847261267,0.3206668762976945,Gulfport Biloxi Regional Airport,Gulfport
127,GRB,0.3068476896676224,0.3252087449520967,Austin Straubel International Airport,Green Bay
130,GRR,0.1833464899164547,0.20848923996265217,Gerald R. Ford International Airport,Grand Rapids
131,GSO,0.13760858141261964,0.22131078305402663,Triad International Airport,Greensboro
132,GSP,0.1824111157417191,0.2227450573659431,Greenville Spartanburg International Airport,Greer
133,GST,0.3916158500003554,0.4229784438810691,Gustavus Airport,Gustavus
134,GTF,0.37704747178045656,0.3852961460498092,Great Falls International Airport,Great Falls
135,GTR,0.36973346202731683,0.40274648351145953,Golden Triangle Regional Airport,Columbus
136,GUC,0.3771846467391319,0.41117827795121087,Gunnison County Airport,Gunnison
137,GUM,0.3791806417900023,0.41663286662228716,Antonio B Won Pat International Airport,Hagåtña
138,HDN,0.3730723800431902,0.39416256906892916,Yampa Valley Airport,Hayden
139,HIB,0.38952045280551734,0.4183713809397616,Chisholm Hibbing Airport,Hibbing
140,HLN,0.3798615464761807,0.3913592147320015,Helena Regional Airport,Helena
141,HNL,0.3198838220698538,0.7639922063746485,Honolulu International Airport,Honolulu
142,HOB,0.3771250054527513,0.4116346379595479,Lea County Regional Airport,Hobbs
143,HOU,0.797694023779315,0.7463462860522823,William P Hobby Airport,Houston
144,HPN,0.18955514782867414,0.24688867494987027,Westchester County Airport,Purchase
145,HRL,0.3284875364093799,0.33220626507993156,Grande Valley International Airport,Harlingen
146,HSV,0.21114429947700816,0.24704079495264927,Huntsville International Airport,Huntsville
147,IAD,1.6876006638426633,1.2271324205498564,Dulles International Airport,Washington
148,IAH,4.2027512441844515,3.425527237854303,George Bush Intercontinental Airport,Houston
149,ICT,0.1946296272782227,0.20277387414395473,Wichita Mid-Continent Airport,Wichita
150,IDA,0.3680118168937971,0.35739299125434343,Fanning Field Airport,Idaho Falls
151,ILM,0.3318423587682881,0.34339795099867365,Wilmington International Airport,Wilmington
152,IMT,0.3891099219509309,0.42115300384772086,Ford Airport,Kingsford
153,IND,0.11730125864234237,0.19601957885572802,Indianapolis International Airport,Indianapolis
154,INL,0.39072620081184495,0.4212399295635946,Falls International Airport,International Falls
155,IPL,0.38291120425310826,0.4088530150515887,Imperial County Airport,Imperial
156,ISN,0.3817621154688422,0.4190233238088146,Sloulin Field International Airport,Williston
157,ISP,0.27659862323682666,0.2956540015550301,Long Island Macarthur Airport,Ronkonkoma
158,ITO,0.34105097338545126,0.2672510238932904,Hilo International Airport,Hilo
159,IYK,0.3838734170067151,0.4093311064888942,Inyokern Airport,Inyokern
160,JAC,0.3402368698263562,0.3561760312321113,Jackson Hole Airport,Jackson
161,JAN,0.2200775701553809,0.22333180594809074,Jackson International Airport,Pearl
162,JAX,0.04784202250206721,0.10516047433871675,Jacksonville International Airport,Jacksonville
163,JFK,1.8982447411459513,1.6857959603575672,John F Kennedy International Airport,Jamaica
164,JLN,0.37872836203494953,0.4100917065027893,Joplin Regional Airport,Webb City
165,JNU,0.32247569474221643,0.33392304796843764,Juneau International Airport,Juneau
166,KOA,0.24513486260674625,0.14488134737205374,Kailua-Kona International Airport,Kailua Kona
167,KTN,0.3580059970820134,0.37338732297510885,Ketchikan International Airport,Ketchikan
168,LAN,0.3549881479911555,0.39672687768720405,Lansing Capital City Airport,Lansing
169,LAR,0.3922947666436545,0.4221743810092371,General Brees Field,Laramie
170,LAS,2.505099800175656,2.6668395897084296,Mccarran International Airport,Las Vegas
171,LAW,0.36963505390478885,0.3871433175121259,Lawton Municipal Airport,Lawton
172,LAX,4.133452045495964,4.419370678867572,Los Angeles International Airport,Los Angeles
173,LBB,0.24734258422426778,0.25773265800511747,Lubbock International Airport,Lubbock
174,LCH,0.37013504668894615,0.3884906661081686,Lake Charles Regional Airport,Lake Charles
175,LEX,0.24401161837991178,0.28205012702079213,Blue Grass Field,Lexington
176,LFT,0.2523246196799264,0.3049333217245503,Lafayette Regional Airport,Lafayette
177,LGA,1.6237278281933702,1.734604749820664,LaGuardia Airport,Flushing
178,LGB,0.14518103674007526,0.11150187247654328,Long Beach Daugherty Field Airport,Long Beach
179,LIH,0.2397124756533109,0.1417954844585365,Lihue Airport,Lihue
180,LIT,0.039159704005618905,0.07379784321631498,Adams Field Airport,Little Rock
181,LMT,0.3787641468067779,0.40674506644165087,Klamath Falls International Airport,Klamath Falls
182,LNK,0.329172417181317,0.3608265570313556,Lincoln Municipal Airport,Lincoln
183,LRD,0.35157865445306513,0.37206170580803455,Laredo International Airport,Laredo
184,LSE,0.384635831450947,0.4059627349987874,La Crosse Municipal Airport,La Crosse
185,LWB,0.38699464432729935,0.41789328950245613,Greenbrier Valley Airport,Lewisburg
186,LWS,0.39063773290371373,0.41020036364763146,Lewiston Nez Perce County Airport,Lewiston
187,MAF,0.25755615451694386,0.2489966235598081,Midland International Airport,Midland
188,MBS,0.37012808853886836,0.39950850059516324,MBS International Airport,Freeland
189,MCI,0.5036296792154954,0.6429046841625492,Kansas City International Airport,Kansas City
190,MCO,1.9324987199572037,2.1865532780771297,Orlando International Airport,Orlando
191,MDT,0.2870825673610948,0.29680576729035696,Harrisburg International Airport,Middletown
192,MDW,1.47012070109872,1.4604410419549347,Chicago Midway International Airport,Chicago
193,MEI,0.38154939488075146,0.413199300845275,Key Field Airport,Meridian
194,MEM,0.21648769995758307,0.34388022155693454,Memphis International Airport,Memphis
195,MFE,0.31757516904461125,0.34880907681181306,Miller International Airport,Mcallen
196,MFR,0.24760401186290268,0.3462013053356013,Rogue Valley International-Medford Airport,Central Point
197,MGM,0.3080514496310706,0.3364873565867125,Montgomery Regional Airport,Montgomery
198,MHK,0.3624691533461609,0.3863392546402939,Manhattan Municipal Airport,Manhattan
199,MHT,0.20660162149768652,0.22472261740207033,Manchester-Boston Regional Airport,Manchester
200,MIA,1.5891776309930943,1.262793695487052,Miami International Airport,Miami
201,MKE,0.2930780459060975,0.40364165122012063,General Mitchell International Airport,Milwaukee
202,MKG,0.37897984945918767,0.40880955219365184,Muskegon County Airport,Muskegon
203,MLB,0.365172891662081,0.3935758204867815,Melbourne International Airport,Melbourne
204,MLI,0.2803570183002435,0.31825468768219867,Quad City Airport,Coal Valley
205,MLU,0.3209995729042968,0.36050058559682907,Monroe Regional Airport,Monroe
207,MOB,0.2770757535278714,0.3082147674987834,Mobile Regional Airport,Mobile
208,MOD,0.33935815487368215,0.39642263768164604,Modesto City County Airport-Harry Sham Field,Modesto
209,MOT,0.34805087236365323,0.36832390002546433,Minot International Airport,Minot
210,MQT,0.38680279818944174,0.4178498266445193,Sawyer International Airport,Marquette
211,MRY,0.23431593325730715,0.2984356244629893,Monterey Peninsula Airport,Monterey
212,MSN,0.21084509902366552,0.22457049739929133,Dane County Regional Airport-Truax Field,Madison
213,MSO,0.35033016352483143,0.35708875124878536,Missoula International Airport,Missoula
214,MSP,1.1959487135857068,1.978127142840905,Minneapolis St Paul International Airport,St. Paul
215,MSY,0.24824072082660936,0.4017727483288355,New Orleans International Airport,Kenner
216,MTJ,0.3583121556854338,0.3879908432418947,Montrose Regional Airport,Montrose
217,MVY,0.3844827521492368,0.4220005295774897,Marthas Vineyard Airport,Vineyard Haven
219,OAJ,0.3548927219329466,0.38610020892164115,Albert J Ellis Airport,Richlands
220,OAK,0.33978611933505676,0.5718429114357788,Oakland International Airport,Oakland
221,OGG,0.0876023448468137,0.09585942274022816,Kahului Airport,Kahului
222,OKC,0.03862989057827133,0.04320417034971912,Will Rogers World Airport,Oklahoma City
223,OMA,0.03419257887155541,0.004713630525671888,Eppley Airfield,Omaha
224,OME,0.37620652964249024,0.4011383577677956,Nome Airport,Nome
225,ONT,0.07812435041949824,0.05741652489507319,Ontario International Airport,Ontario
226,ORD,7.886158324213562,6.328998268039503,Chicago O'Hare International Airport,Chicago
227,ORF,0.08063723661900044,0.11006759816462681,Norfolk International Airport,Norfolk
228,OTH,0.3405996876518381,0.4071796950210195,North Bend Municipal Airport,North Bend
229,OTZ,0.3776230101940292,0.40137740348644835,Ralph Wien Memorial Airport,Kotzebue
230,PAH,0.3796816285955993,0.40874435790674657,Barkley Regional Airport,West Paducah
231,PBI,0.05752080926019734,0.08521102254569682,Palm Beach International Airport,West Palm Beach
232,PDX,0.3740231997818346,0.735697885857751,Portland International Airport,Portland
233,PHF,0.33953210862562555,0.3646078256718626,Newport News-Williamsburg International Airport,Newport News
234,PHL,1.0408435961814644,1.2818304272633978,Philadelphia International Airport,Philadelphia
235,PHX,2.390549763488775,3.5534166973335215,Sky Harbor International Airport,Phoenix
236,PIA,0.3124917434021056,0.34424547672844247,Greater Peoria Regional Airport,Peoria
237,PIH,0.3872570659873739,0.40311591780392286,Pocatello Municipal Airport,Pocatello
238,PIT,0.13841327999963166,0.24882695124901605,Pittsburgh International Airport,Coraopolis
239,PLN,0.3925631524323671,0.42432579247711183,Pellston Regional Airport,Pellston
240,PNS,0.2097248368611501,0.2115099085892641,Pensacola Regional Airport,Pensacola
241,PSC,0.36566493227472086,0.3613263798976295,Tri Cities Airport,Pasco
242,PSE,0.38129492539219423,0.40650602072299813,Mercedita Airport,Coto Laurel
243,PSG,0.38119751129110596,0.4088530150515887,Petersburg James A Johnson Airport,Petersburg
244,PSP,0.0970455485237405,0.16826436494208583,Palm Springs International Airport,Palm Springs
245,PVD,0.1735305281996492,0.12258490125044325,Theodore Francis Green State Airport,Warwick
246,PWM,0.2386548368414951,0.2908513557530068,Jetport International Airport,Portland
247,RAP,0.3018169471614196,0.31199603613929044,Rapid City Regional Airport,Rapid City
248,RDD,0.3210333696332458,0.3914026775899384,Redding Municipal Airport,Redding
249,RDM,0.32631659358512644,0.3552850426444056,Roberts Field Airport,Redmond
250,RDU,0.46608847150323285,0.5318788135628337,Durham International Airport,Raleigh/Durham
251,RFD,0.3909299752069786,0.423478266747343,Greater Rockford Airport,Rockford
252,RIC,0.03248882612394988,0.062562694439636,Richmond International Airport,Richmond
253,RKS,0.3596182998571687,0.3769947401838684,Rock Springs-Sweetwater County Airport,Rock Springs
254,RNO,0.10825612232041214,0.01294984210470735,Reno-Tahoe International Airport,Reno
255,ROA,0.296773282376501,0.3476790425054546,Roanoke Regional Airport-Woodrum Field,Roanoke
256,ROC,0.18445184175737495,0.2139872914916653,Greater Rochester International Airport,Rochester
257,ROW,0.3761389361845922,0.40200761492653286,Roswell Industrial Air Center,Roswell
258,RST,0.385379359487825,0.40274648351145953,Rochester International Airport,Rochester
259,RSW,0.003013643615536179,0.15766360672644678,Southwest Florida International Airport,Fort Myers
261,SAN,0.9998590982021623,1.2515150838524363,San Diego International Airport,San Diego
262,SAT,0.2323602343063375,0.41246461138130375,San Antonio International Airport,San Antonio
263,SAV,0.14731520077106072,0.21807280013773037,Savannah International Airport,Savannah
264,SBA,0.07313933289952056,0.1910171710720334,Santa Barbara Municipal Airport,Goleta
265,SBN,0.3005992708978159,0.34872215109593935,South Bend Regional Airport,South Bend
266,SBP,0.24261004814996792,0.31771140195798786,San Luis Obispo County Airport,San Luis Obispo
267,SCC,0.3824648886266935,0.4092876436309574,Deadhorse Airport,Prudhoe Bay
268,SDF,0.066347184402211,0.09305188928234512,Louisville International Airport,Louisville
269,SEA,1.1424067427589715,1.7520768187112827,Tacoma International Airport,Seattle
270,SFO,5.076418555987805,3.297898555522706,San Francisco International Airport,San Francisco
271,SGF,0.23932083120607836,0.2722057896980927,Springfield Regional Airport,Springfield
272,SGU,0.3671360840054421,0.380450037389849,St George Municipal Airport,St. George
273,SHD,0.39253233776773716,0.4242605981902065,Shenandoah Valley Regional Airport,Weyers Cave
274,SHV,0.26448348993004944,0.2791163841100539,Shreveport Regional Airport,Shreveport
275,SIT,0.3754252287909045,0.3971615062665727,Sitka Airport,Sitka
276,SJC,0.09874784847078039,0.43111017743621777,Norman Y Mineta San Jose International Airport,San Jose
277,SJT,0.3708467660397545,0.3963357119657723,Mathis Field Airport,San Angelo
278,SJU,0.12098311405490414,0.12767423475001158,Luis Munoz Marin Airport,Carolina
279,SLC,0.8776521143654534,1.9721509998745865,Salt Lake City International Airport,Salt Lake City
280,SMF,0.3235219405390698,0.5341388821755506,Sacramento International Airport,Sacramento
281,SMX,0.37474134204040704,0.39483624336695056,Santa Maria Public Airport,Santa Maria
282,SNA,0.26201984602340506,0.4391725375835058,John Wayne Airport,Santa Ana
283,SPI,0.3602773360716742,0.38123236883271255,Capital Airport,Springfield
285,SRQ,0.3060475024086828,0.31306087615874356,Sarasota Bradenton Airport,Sarasota
286,STL,0.71686517041202,0.7981974755709593,Lambert St Louis International Airport,St. Louis
287,STT,0.3235939688618525,0.3451147338871797,Cyril E King International Airport,Charlotte Amalie
288,STX,0.37764388464426246,0.4024639749348699,Henry E Rohlson International Airport,Frederiksted
289,SUN,0.376990812558395,0.38929472898000056,Friedman Memorial Airport,Hailey
290,SUX,0.37668664199785395,0.41343834656392775,Sioux Gateway Airport,Sioux City
291,SWF,0.3646192217201812,0.3955968433808456,Stewart International Airport,New Windsor
292,SYR,0.24362991414707602,0.27850790409893783,Hancock International Airport,Syracuse
293,TLH,0.2918141094139549,0.32651263069020253,Tallahassee Regional Airport,Tallahassee
294,TOL,0.3890005795925665,0.4229349810231322,Toledo Express Airport,Swanton
295,TPA,0.7507473852048333,1.0406984914296842,Tampa International Airport,Tampa
296,TRI,0.33133341979117376,0.3636299113682832,Tri-Cities Regional Airport,Blountville
298,TUL,0.05365750670330073,0.016274750736877338,Tulsa International Airport,Tulsa
299,TUS,0.10851257985184867,0.03579375307148405,Tucson International Airport,Tucson
300,TVC,0.32449157022188035,0.3705187743512759,Cherry Capital Airport,Traverse City
301,TWF,0.3844131706484594,0.4009645063360482,Twin Falls-Sun Valley Regional Airport,Twin Falls
302,TXK,0.37985458832610297,0.4022901235031225,Texarkana Regional Airport,Texarkana
303,TYR,0.35484799096816116,0.37918961450968003,Tyler Pounds Field Airport,Tyler
304,TYS,0.14692455034526786,0.2101190971352845,Mcghee Tyson Airport,Knoxville
305,VLD,0.368743416673399,0.40218146635828034,Valdosta Regional Airport,Valdosta
306,VPS,0.24557720214740228,0.29002556145220637,Eglin Air Force Base,Eglin Village
308,WYS,0.3911158572161981,0.41856696380047753,Yellowstone Airport,West Yellowstone
309,XNA,0.09680201327101977,0.1584634904773233,Northwest Arkansas Regional Airport,Bentonville
310,YAK,0.3843873260910279,0.40891820933849404,Yakutat Airport,Yakutat
311,YUM,0.3541899487750953,0.35521984835750026,Yuma International Airport,Yuma
