,code,Total_delay,count,name,city
0,ABE,0.3353393475782829,0.3608525350516149,Lehigh Valley International Airport,Allentown
1,ABI,0.346458493585781,0.3682226883537372,Abilene Regional Airport,Abilene
2,ABQ,0.11142450914317913,0.18130105409756656,Albuquerque International Airport,Albuquerque
3,ABR,0.3881739584131145,0.41101643975247626,Aberdeen Regional Airport,Aberdeen
4,ABY,0.37648453667133763,0.40481784261109593,Southwest Georgia Regional Airport,Albany
5,ACK,0.3877751756694318,0.41883391449779095,Nantucket Memorial Airport,Nantucket
6,ACT,0.36528333660135337,0.3905887605133569,Waco Regional Airport,Waco
7,ACV,0.2829076221902583,0.35699705023171857,Arcata Airport,Mckinleyville
8,ADK,0.39549646294937846,0.42467039428039643,Adak Airport,Adak
9,ADQ,0.38915368391919913,0.41282702654635023,Kodiak Airport,Kodiak
10,AEX,0.30789718692041507,0.34180942218428156,Alexandria International Airport,Alexandria
11,AGS,0.33729879859045214,0.3620240912123569,Bush Field Airport,Augusta
12,AKN,0.3964253149367217,0.42524552185021525,King Salmon Airport,King Salmon
13,ALB,0.21472561950801727,0.1984748511727759,Albany International Airport,Latham
14,ALO,0.3770556329462412,0.4124862102086798,Waterloo Municipal Airport,Waterloo
15,AMA,0.23863781439773094,0.26819309324747614,Amarillo International Airport,Amarillo
16,ANC,0.21982527949153147,0.03241209064287574,Anchorage International Airport,Anchorage
17,APN,0.38996273697531253,0.4134660571794822,Alpena County Regional Airport,Alpena
18,ART,0.376612541008816,0.4134447561583778,Watertown International Airport,Dexter
19,ASE,0.2877635816081886,0.32760164110764695,Aspen Pitkin County Airport-Sardy Field,Aspen
20,ATL,6.944831036227212,8.069622995605494,Hartsfield-Jackson Atlanta International Airport,Atlanta
21,ATW,0.2935721886915831,0.31833569692723307,Outagamie County Airport,Appleton
22,AUS,0.44299841132471,0.5824631845567263,Austin-Bergstrom International Airport,Austin
23,AVL,0.30608133051759656,0.33627115669713764,Asheville Regional Airport,Fletcher
24,AVP,0.35972909711166595,0.3776803417240907,Wilkes Barre Scranton International Airport,Pittston
25,AZA,0.39656398630232326,0.42509641470248444,Phoenix-Mesa Gateway Airport,Phoenix
26,AZO,0.3632393699048234,0.37197166806811155,Kalamazoo-Battle Creek International Airport,Kalamazoo
27,BDL,0.023515037696543298,0.04723242726647478,Bradley International Airport,Windsor Locks
28,BET,0.38726890210389225,0.4060959038773599,Bethel Airport,Bethel
29,BFL,0.331316236894587,0.3471133764392771,Kern County-Meadows Field Airport,Bakersfield
30,BGM,0.38375534714823534,0.4076508784179811,Greater Binghamton Edwin A Link Field Airport,Johnson City
31,BGR,0.38328928007331403,0.40888633764203625,Bangor International Airport,Bangor
32,BHM,0.06774299791720269,0.07028530616649843,Birmingham International Airport,Birmingham
33,BIL,0.3619355308519185,0.35904194825774094,Logan International Airport,Billings
34,BIS,0.3364035887687282,0.3472198815447991,Bismarck Municipal Airport,Bismarck
35,BJI,0.3887721325286385,0.410846031583641,Bemidji-Beltrami County Airport,Bemidji
37,BLI,0.3854120186698307,0.4077360825023987,Bellingham International Airport,Bellingham
38,BMI,0.32992706161669644,0.357337866569389,Bloomington Normal Airport,Bloomington
39,BNA,0.8442321098538574,0.8451899788583923,Nashville International Airport,Nashville
40,BOI,0.21037675419625135,0.19517319290159393,Boise Air Terminal,Boise
41,BOS,1.7943533307341035,1.9454729229850551,Gen E L Logan International Airport,Boston
42,BPT,0.3717048875315194,0.40228302109967234,Jefferson County Airport,Beaumont
43,BQK,0.37897323638654257,0.4051799599698707,Glynco Jetport Airport,Brunswick
44,BQN,0.3732909925593767,0.3984701383219848,Rafael Hernandez Airport,Aguadilla
45,BRD,0.3863219982228021,0.4074165671858327,Brainerd-Crow Wing County Regional Airport,Brainerd
46,BRO,0.3516828757442741,0.3736331477142547,Brownsville-South Padre Island International Air,Brownsville
47,BRW,0.3807710408956141,0.4079703937345471,Wiley Post Will Rogers Memorial Airport,Barrow
48,BTM,0.39121159980635173,0.41090993464695424,Bert Mooney Airport,Butte
49,BTR,0.16389476887909743,0.2355386278944314,Baton Rouge Metropolitan Airport,Baton Rouge
50,BTV,0.25273224071097683,0.30719526288963206,Burlington International Airport,South Burlington
51,BUF,0.10001817391697951,0.08947235211649941,Greater Buffalo International Airport,Buffalo
52,BUR,0.08757218265760557,0.08761916328041663,Burbank Glendale Pasadena Airport,Burbank
53,BWI,1.907994925114921,1.7102670479502735,Baltimore-Washington International Thurgood Mars,Baltimore
54,BZN,0.3461187897670883,0.342150238521952,Gallatin Field Airport,Bozeman
55,CAE,0.21459761517053888,0.27756554253341204,Columbia Metropolitan Airport,West Columbia
56,CAK,0.2279543754620343,0.2347291890924642,Akron Canton Regional Airport,Canton
57,CDC,0.3910639024938767,0.4135938633061086,Cedar City Municipal Airport,Cedar City
58,CDV,0.38780389459130193,0.4115063632378774,Merle K Mudhole Smith Airport,Cordova
59,CEC,0.3535922737783268,0.4057976895818983,Jack Mcnamara Field Airport,Crescent City
60,CHA,0.2967189619879269,0.32643008494690495,Chattanooga Metropolitan Airport,Chattanooga
61,CHO,0.35876988512120284,0.38826694921297733,Charlottesville Albemarle Airport,Earlysville
63,CIC,0.3626075536236801,0.40364628645035394,Chico Municipal Airport,Chico
64,CID,0.2023715598601026,0.2488517660846812,Cedar Rapids Municipal Airport,Cedar Rapids
65,CIU,0.38664036798524837,0.41255011327199304,Chippewa County International Airport,Kincheloe
66,CLD,0.35912353813051817,0.37146044356160596,Mcclellan Palomar Airport,Carlsbad
67,CLE,0.5367484598776352,0.5501921375835608,Hopkins International Airport,Cleveland
68,CLL,0.34917448305407256,0.368691310818034,Easterwood Field Airport,College Station
69,CLT,2.3778364869106126,2.741534683698681,Douglas International Airport,Charlotte
70,CMH,0.24031749211829723,0.19112082482669485,Port Columbus International Airport,Columbus
71,CMI,0.33051374816347245,0.3772756223231071,University of Illinois-Willard Airport,Savoy
72,CMX,0.37599549445892017,0.4099513886972562,Houghton County Memorial Airport,Hancock
73,COD,0.38654600581338927,0.4090993478530803,Yellowstone Regional Airport,Cody/Yellowstone
74,COS,0.18913295741858727,0.22642179086174832,City of Colorado Springs Municipal Airport,Colorado Springs
75,COU,0.36604725992309944,0.4047539395477827,Columbia Regional Airport,Columbia
76,CPR,0.361488336211369,0.3767430967954971,Natrona County International Airport,Casper
77,CRP,0.26248354549683084,0.2781193690821264,Corpus Christi International Airport,Corpus Christi
78,CRW,0.31019716229190186,0.3482423305578103,Yeager Airport,Charleston
79,CSG,0.3652751311951048,0.3915899085052637,Columbus Metropolitan Airport,Columbus
80,CVG,0.43103246739235485,0.44138652178228704,Greater Cincinnati International Airport,Hebron
81,CWA,0.31124745429172457,0.35576159100766336,Central Wisconsin Airport,Mosinee
82,DAB,0.37420835697797183,0.4268643994541496,Daytona Beach International Airport,Daytona Beach
83,DAL,0.46909980860155415,0.3900775360068513,Dallas Love Field Airport,Dallas
84,DAY,0.1216984672455951,0.5674459646781246,James M Cox Dayton International Airport,Dayton
85,DBQ,0.3954488715931365,0.15071796185671174,Dubuque Regional Airport,Dubuque
86,DCA,0.9768757840252174,0.42507511368138007,Washington National Airport,Arlington
87,DEN,5.200195918565453,1.1488360347016102,Denver International Airport,Denver
88,DFW,6.01885340269289,4.399861778718408,Fort Worth International Airport,Dallas
89,DHN,0.36976430895372203,5.674301871394642,Dothan Airport,Dothan
90,DIK,0.374242819684216,0.3975754954356,Dickinson Municipal Airport,Dickinson
91,DLG,0.3954062034806437,0.40963187338069024,Dillingham Municipal Airport,Dillingham
92,DLH,0.33489871726273224,0.42524552185021525,Duluth International Airport,Duluth
93,DRO,0.3576227693276465,0.354675238931339,Durango la Plata County Airport,Durango
94,DRT,0.39547841105563153,0.3843262603086634,Del Rio International Airport,Del Rio
95,DSM,0.05558012423488077,0.4231580217819841,Des Moines International Airport,Des Moines
96,DTW,2.562504077779441,0.09456847022551411,Detroit Metropolitan Wayne County Airport,Detroit
97,EAU,0.383585495238889,3.0568963011493193,Eau Claire County Airport,Eau Claire
99,EGE,0.3631564953017124,0.3252798298072674,Eagle County Regional Airport,Gypsum
100,EKO,0.3871491031726625,0.4003020261369632,Elko Municipal Airport-J C Harris Field,Elko
101,ELM,0.37400650398425594,0.4039871027880243,Elmira Corning Regional Airport,Horseheads
102,ELP,0.06972296244499347,0.39071656663998333,El Paso International Airport,El Paso
103,ERI,0.3841163850231744,0.0006309671551113747,Erie International Airport,Erie
104,ESC,0.38947041260039567,0.4053929701809147,Delta County Airport,Escanaba
105,EUG,0.2838594493150976,0.413508659221691,Mahlon Sweet Field Airport,Eugene
106,EVV,0.3039799259773263,0.3134364620732211,Evansville Regional Airport,Evansville
107,EWN,0.3795131521177014,0.326004064524817,Craven County Regional Airport,New Bern
108,EWR,2.9092990085521526,0.4055420773286455,Newark International Airport,Newark
109,EYW,0.32989916323545115,2.147023184674885,Key West International Airport,Key West
110,FAI,0.3533592402408662,0.33450317194547247,Fairbanks International Airport,Fairbanks
111,FAR,0.23964954098818517,0.3330760035314777,Hector International Airport,Fargo
112,FAT,0.1650377819695295,0.2827416906617812,Fresno Yosemite International Airport,Fresno
113,FAY,0.3413850909022624,0.18641847322768568,Fayetteville Regional Airport,Fayetteville
114,FCA,0.37912339532089223,0.36954335166221,Glacier Park International Airport,Kalispell
115,FLG,0.3847194823824476,0.38208965309270143,Flagstaff Pulliam Airport,Flagstaff
116,FLL,1.0686212518316058,0.38750011245321897,Fort Lauderdale Hollywood International Airport,Dania Beach
117,FNT,0.3436629116768779,0.9849672793454632,Bishop International Airport,Flint
118,FSD,0.22310744199097743,0.3320109524762577,Sioux Falls Regional Airport,Sioux Falls
119,FSM,0.3578172374557386,0.2696841647247841,Smith Field Airport,Fort Smith
120,FWA,0.27754949190991274,0.3753372294026067,Fort Wayne Municipal Airport-Baer Field,Fort Wayne
121,GCC,0.3717631459158846,0.30040023715732855,Gillette Campbell County Airport,Gillette
122,GCK,0.38265336108904635,0.39361350551018165,Garden City Regional Airport,Pierceville
123,GEG,0.30487595633967507,0.41137855711125104,Spokane International Airport,Spokane
124,GFK,0.3681552287883686,0.2363906687386074,Grand Forks Mark Andrews International Airport,Grand Forks
125,GGG,0.37646976694009016,0.37099182109730916,Gregg County Airport,Longview
126,GJT,0.33606224386878586,0.4116341693645038,Walker Field Airport,Grand Junction
127,GNV,0.33453193560341915,0.33482268726203845,Gainesville Regional Airport,Gainesville
128,GPT,0.29610437705990567,0.3604904176928401,Gulfport Biloxi Regional Airport,Gulfport
129,GRB,0.2843944418025073,0.323873962414377,Austin Straubel International Airport,Green Bay
132,GRR,0.15482779497437793,0.32148824805068427,Gerald R. Ford International Airport,Grand Rapids
133,GSO,0.17993797917638937,0.1692498502175395,Triad International Airport,Greensboro
134,GSP,0.20637251594692727,0.20477995341967822,Greenville Spartanburg International Airport,Greer
135,GST,0.39559410728373695,0.2128317393971413,Gustavus Airport,Gustavus
136,GTF,0.37315314173439995,0.42524552185021525,Great Falls International Airport,Great Falls
137,GTR,0.37758816381177635,0.3817914387972398,Golden Triangle Regional Airport,Columbus
138,GUC,0.3829717308514926,0.4052225620120795,Gunnison County Airport,Gunnison
139,GUM,0.39117303439698325,0.41623518992305414,Antonio B Won Pat International Airport,Hagåtña
140,HDN,0.3832851773701897,0.4190895267510437,Yampa Valley Airport,Hayden
141,HIB,0.39357639788720256,0.4125288122508886,Chisholm Hibbing Airport,Hibbing
142,HLN,0.38428705747314557,0.413295649010647,Helena Regional Airport,Helena
143,HNL,0.269987420572664,0.39474245962871485,Honolulu International Airport,Honolulu
144,HOB,0.3871499237132873,0.7007477547494578,Lea County Regional Airport,Hobbs
145,HOU,0.8715946780711136,0.41423289393924057,William P Hobby Airport,Houston
146,HPN,0.19798823184209252,0.8361583459101268,Westchester County Airport,Purchase
147,HRL,0.3405973719023953,0.24599742925669166,Grande Valley International Airport,Harlingen
148,HSV,0.23104535199588752,0.3378474322588632,Huntsville International Airport,Huntsville
149,IAD,1.4596088595781078,0.25330367949550076,Dulles International Airport,Washington
150,IAH,3.267479761035442,1.1485804224483573,George Bush Intercontinental Airport,Houston
151,ICT,0.14698178551945232,3.4301114919195066,Wichita Mid-Continent Airport,Wichita
152,IDA,0.36824630879772824,0.18594985076338888,Fanning Field Airport,Idaho Falls
154,ILM,0.3274588754171131,0.4194516441098185,Wilmington International Airport,Wilmington
155,IMT,0.38809190435062835,0.3386142690186216,Ford Airport,Kingsford
156,IND,0.1636248420749928,0.4124010061242622,Indianapolis International Airport,Indianapolis
157,INL,0.39033362133774996,0.2307620251019827,Falls International Airport,International Falls
158,IPL,0.39487203153385886,0.412869628588559,Imperial County Airport,Imperial
159,ISN,0.34689091849508297,0.42196516460013767,Sloulin Field International Airport,Williston
160,ISP,0.3120351732915916,0.38049207650987144,Long Island Macarthur Airport,Ronkonkoma
161,ITH,0.3863302036290507,0.3207001102698214,Tompkins County Airport,Ithaca
162,ITO,0.33554858543762256,0.40814080190338226,Hilo International Airport,Hilo
163,IYK,0.3932473610966331,0.27530763429634564,Inyokern Airport,Inyokern
164,JAC,0.3363978449843542,0.41512753682562537,Jackson Hole Airport,Jackson
165,JAN,0.2191384869885224,0.3623010044867141,Jackson International Airport,Pearl
166,JAX,0.03851619246173593,0.22422778568799515,Jacksonville International Airport,Jacksonville
167,JFK,2.2303131290480143,0.09929212284562768,John F Kennedy International Airport,Jamaica
168,JLN,0.37864091743347367,1.9434706270012414,Joplin Regional Airport,Webb City
169,JNU,0.33698289044988045,0.4113998581323554,Juneau International Airport,Juneau
170,KOA,0.2366906714949346,0.3381669475754292,Kailua-Kona International Airport,Kailua Kona
171,KTN,0.3652258987576131,0.15144219657426133,Ketchikan International Airport,Ketchikan
172,LAN,0.32426943400827646,0.3762318722889915,Lansing Capital City Airport,Lansing
173,LAR,0.38373237201073923,0.3503511316471459,General Brees Field,Laramie
174,LAS,2.3649942055909055,0.4113572560901466,Mccarran International Airport,Las Vegas
175,LAW,0.369959597622439,2.5257340388900076,Lawton Municipal Airport,Lawton
176,LAX,3.4592327201999495,0.3889059798461093,Los Angeles International Airport,Los Angeles
177,LBB,0.27374464503242996,4.362031165236994,Lubbock International Airport,Lubbock
178,LCH,0.36344040235791447,0.27494551693757086,Lake Charles Regional Airport,Lake Charles
179,LEX,0.2158243234047068,0.38255827555699823,Blue Grass Field,Lexington
180,LFT,0.2650288625151512,0.2520256182292368,Lafayette Regional Airport,Lafayette
181,LGA,1.9529039340542154,0.29117689501912347,LaGuardia Airport,Flushing
182,LGB,0.22639288665292287,1.8025217703534286,Long Beach Daugherty Field Airport,Long Beach
183,LIH,0.26070953666588026,0.1398331400723635,Lihue Airport,Lihue
184,LIT,0.04602821082086811,0.17204028398221585,Adams Field Airport,Little Rock
185,LMT,0.3905157813564692,0.09725239888466847,Klamath Falls International Airport,Klamath Falls
186,LNK,0.3182384604155445,0.41133595506904225,Lincoln Municipal Airport,Lincoln
187,LRD,0.3551586858311874,0.3575721778015373,Laredo International Airport,Laredo
188,LSE,0.3788001023146968,0.3761040661623651,La Crosse Municipal Airport,La Crosse
189,LWS,0.3941220574027355,0.4019848068042108,Lewiston Nez Perce County Airport,Lewiston
190,MAF,0.2310420698333881,0.4127205214408282,Midland International Airport,Midland
191,MBS,0.349716860407106,0.22635788779843513,MBS International Airport,Freeland
192,MCI,0.5537648313560128,0.3624927136766537,Kansas City International Airport,Kansas City
193,MCO,1.8461474960566107,0.6517554062093386,Orlando International Airport,Orlando
194,MDT,0.2684562607051976,0.4268643994541496,Harrisburg International Airport,Middletown
195,MDW,1.9361279809789222,1.998981087999307,Chicago Midway International Airport,Chicago
196,MEM,0.18529039673383568,0.283210313126078,Memphis International Airport,Memphis
197,MFE,0.31977533300591005,1.4778090046379593,Miller International Airport,Mcallen
198,MFR,0.297701969656511,0.2774325623417225,Rogue Valley International-Medford Airport,Central Point
199,MGM,0.31526235956917187,0.33388544233344486,Montgomery Regional Airport,Montgomery
200,MHK,0.3555894696592397,0.3537379940027454,Manhattan Municipal Airport,Manhattan
201,MHT,0.22476985729694682,0.3447702641177931,Manchester-Boston Regional Airport,Manchester
202,MIA,1.0820362705074664,0.38903378597273575,Miami International Airport,Miami
203,MKE,0.32763696379418283,0.2145997241488065,General Mitchell International Airport,Milwaukee
204,MKG,0.37904708504278006,1.3251445863827267,Muskegon County Airport,Muskegon
205,MLB,0.37057910579420944,0.3282567986968202,Melbourne International Airport,Melbourne
206,MLI,0.27527495329779667,0.4113572560901466,Quad City Airport,Coal Valley
207,MLU,0.3287069177075274,0.39625483212712725,Monroe Regional Airport,Monroe
209,MOB,0.2672131416585325,0.3554633767122018,Mobile Regional Airport,Mobile
210,MOD,0.36508558631076177,0.41934513900429654,Modesto City County Airport-Harry Sham Field,Modesto
211,MOT,0.3368803228717728,0.30466044137820847,Minot International Airport,Minot
212,MQT,0.3745103159279209,0.40360368440814515,Sawyer International Airport,Marquette
213,MRY,0.2892553244641868,0.36294003511984607,Monterey Peninsula Airport,Monterey
214,MSN,0.1166373726714494,0.4004724343057984,Dane County Regional Airport-Truax Field,Madison
215,MSO,0.34428159930802343,0.308579829261418,Missoula International Airport,Missoula
216,MSP,1.9865838445422803,0.17244500338319946,Minneapolis St Paul International Airport,St. Paul
217,MSY,0.3164669442679433,0.35823250945577373,New Orleans International Airport,Kenner
218,MTJ,0.37104845503163025,2.7004237129671895,Montrose Regional Airport,Montrose
219,MVY,0.38912496499732896,0.4963857582738471,Marthas Vineyard Airport,Vineyard Haven
221,OAJ,0.3591292819148922,0.4221781748111817,Albert J Ellis Airport,Richlands
222,OAK,0.2526272425724693,0.33991363130599,Oakland International Airport,Oakland
223,OGG,0.12878219446002437,0.3880752400230377,Kahului Airport,Kahului
224,OKC,0.06613887205707328,0.5162383099431477,Will Rogers World Airport,Oklahoma City
225,OMA,0.018164323343296294,0.06725538710461051,Eppley Airfield,Omaha
226,OME,0.3814594744798729,0.07155819336769925,Nome Airport,Nome
227,ONT,0.08876853088865362,0.048297478321694766,Ontario International Airport,Ontario
228,ORD,8.36247333001604,0.4065432253205523,Chicago O'Hare International Airport,Chicago
229,ORF,0.0717382102196533,0.023630895882799898,Norfolk International Airport,Norfolk
230,ORH,0.3949508034338456,6.100577905735889,Worcester Municipal Airport,Worcester
231,OTH,0.36644276050428265,0.0726497195090868,North Bend Municipal Airport,North Bend
232,OTZ,0.3815185534048629,0.4245638891748745,Ralph Wien Memorial Airport,Kotzebue
233,PAH,0.38682006638209304,0.4146376133402242,Barkley Regional Airport,West Paducah
234,PBI,0.10796921257188738,0.4065432253205523,Palm Beach International Airport,West Palm Beach
235,PDX,0.3180144838864321,0.4113572560901466,Portland International Airport,Portland
236,PHF,0.349882609613328,0.04776495279408477,Newport News-Williamsburg International Airport,Newport News
237,PHL,1.3404409240888482,0.7164253062822961,Philadelphia International Airport,Philadelphia
238,PHX,2.1961408941850324,0.37806376010396986,Sky Harbor International Airport,Phoenix
239,PIA,0.27519782247905966,1.298411804896705,Greater Peoria Regional Airport,Peoria
240,PIH,0.3863942057977899,3.343970162573314,Pocatello Municipal Airport,Pocatello
241,PIT,0.1977929742348503,0.31264832429235834,Pittsburgh International Airport,Coraopolis
242,PLN,0.3817039955860816,0.4059680977507335,Pellston Regional Airport,Pellston
243,PNS,0.22030283413520085,0.30120450189423253,Pensacola Regional Airport,Pensacola
244,PPG,0.3866223160915014,0.40954666929627265,Pago Pago International Airport,Pago Pago
245,PSC,0.36116914590829785,0.220116688614846,Tri Cities Airport,Pasco
246,PSE,0.3819132334454213,0.42462779223818764,Mercedita Airport,Coto Laurel
247,PSG,0.3856868997791593,0.3538018970660586,Petersburg James A Johnson Airport,Petersburg
248,PSP,0.15297091154031636,0.41001529176056944,Palm Springs International Airport,Palm Springs
249,PVD,0.15146604003432038,0.41142115915345984,Theodore Francis Green State Airport,Warwick
250,PWM,0.23727735804171057,0.1832233200620257,Jetport International Airport,Portland
251,RAP,0.3232815030959432,0.09906298567854245,Rapid City Regional Airport,Rapid City
252,RDD,0.36140382052700826,0.2785879915464232,Redding Municipal Airport,Redding
253,RDM,0.3441035419924285,0.33997753436930317,Roberts Field Airport,Redmond
254,RDU,0.5621778343827177,0.40185700067758434,Durham International Airport,Raleigh/Durham
255,RFD,0.39573113756808886,0.3566775349151526,Greater Rockford Airport,Rockford
256,RHI,0.3831998411452041,0.5952011951771574,Rhinelander-Oneida County Airport,Rhinelander
257,RIC,0.00017397014320803662,0.42511771572358886,Richmond International Airport,Richmond
258,RKS,0.3603715804209325,0.40481784261109593,Rock Springs-Sweetwater County Airport,Rock Springs
259,RNO,0.09912703573690512,0.018459921819493935,Reno-Tahoe International Airport,Reno
260,ROA,0.3414392465835032,0.38551911749050977,Roanoke Regional Airport-Woodrum Field,Roanoke
261,ROC,0.15748634659892916,0.059208775192210586,Greater Rochester International Airport,Rochester
262,ROW,0.38171548315482967,0.38068378569981104,Roswell Industrial Air Center,Roswell
263,RST,0.3715809858971654,0.205994111622629,Rochester International Airport,Rochester
264,RSW,0.061319016426636855,0.4047326385266783,Southwest Florida International Airport,Fort Myers
266,SAN,0.8223318805763041,0.150095058179621,San Diego International Airport,San Diego
267,SAT,0.24000814830272443,0.38701018896781775,San Antonio International Airport,San Antonio
268,SAV,0.17659099396757932,1.2065191998523246,Savannah International Airport,Savannah
269,SBA,0.14982988202834657,0.4295218530271364,Santa Barbara Municipal Airport,Goleta
270,SBN,0.27964925536893326,0.22273671421068716,South Bend Regional Airport,South Bend
271,SBP,0.29318571405727334,0.1994759991646827,San Luis Obispo County Airport,San Luis Obispo
272,SCC,0.3847851256324365,0.31356426819984756,Deadhorse Airport,Prudhoe Bay
273,SCE,0.38820924165998355,0.3259401614615038,University Park Airport,State College
274,SDF,0.007561266327361269,0.40939756214854184,Louisville International Airport,Louisville
275,SEA,1.026197660445017,0.4066497304260743,Tacoma International Airport,Seattle
276,SFO,3.3364133789300565,0.049218596294247116,San Francisco International Airport,San Francisco
277,SGF,0.2162017720921431,1.7688661570084772,Springfield Regional Airport,Springfield
278,SGU,0.37640330314947634,3.153176916541206,St George Municipal Airport,St. George
279,SHD,0.39578037000558053,0.2876196244946887,Shenandoah Valley Regional Airport,Weyers Cave
280,SHV,0.23647733093247061,0.3888207757616917,Shreveport Regional Airport,Shreveport
281,SIT,0.37573374199958937,0.42599105758886924,Sitka Airport,Sitka
282,SJC,0.1913656795203102,0.2662973023691846,Norman Y Mineta San Jose International Airport,San Jose
283,SJT,0.36231133845810504,0.4004298322635896,Mathis Field Airport,San Angelo
284,SJU,0.13353315573944724,0.4407048891069463,Luis Munoz Marin Airport,Carolina
285,SLC,1.093010180824364,0.3897154186480765,Salt Lake City International Airport,Salt Lake City
286,SMF,0.22079108686846824,0.12310666444034656,Sacramento International Airport,Sacramento
287,SMX,0.3841680790825407,1.9711193523947523,Santa Maria Public Airport,Santa Maria
288,SNA,0.16880081233661912,0.48004787508677255,John Wayne Airport,Santa Ana
289,SPI,0.3619330692300439,0.4000464138837104,Capital Airport,Springfield
291,SRQ,0.304870212555301,0.38735100530548816,Sarasota Bradenton Airport,Sarasota
292,STL,0.74833306540442,0.4268643994541496,Lambert St Louis International Airport,St. Louis
293,STT,0.34249610290832483,0.3970216688868856,Cyril E King International Airport,Charlotte Amalie
294,STX,0.3813273674392702,0.3314784269486477,Henry E Rohlson International Airport,Frederiksted
295,SUN,0.37588308039331414,0.7879328341297659,Friedman Memorial Airport,Hailey
296,SUX,0.37401881209362886,0.3462400345739967,Sioux Gateway Airport,Sioux City
297,SWF,0.3634190683016681,0.4064154191939259,Stewart International Airport,New Windsor
298,SYR,0.18001428945450149,0.39001363294353814,Hancock International Airport,Syracuse
299,TLH,0.2865434376990195,0.4124649091875754,Tallahassee Regional Airport,Tallahassee
300,TPA,0.7511343910976972,0.38850126044512573,Tampa International Airport,Tampa
301,TRI,0.3486394905666628,0.23884028616561337,Tri-Cities Regional Airport,Blountville
303,TUL,0.008448301804311343,0.9808561822723141,Tulsa International Airport,Tulsa
304,TUS,0.14105912328920206,0.3742934793684911,Tucson International Airport,Tucson
305,TVC,0.30870049619215445,0.40185700067758434,Cherry Capital Airport,Traverse City
306,TWF,0.3844716791137394,0.0002210736890646138,Twin Falls-Sun Valley Regional Airport,Twin Falls
307,TXK,0.37448569970917506,0.011643595066086025,Texarkana Regional Airport,Texarkana
308,TYR,0.3572863476714533,0.34259755996514435,Tyler Pounds Field Airport,Tyler
309,TYS,0.11205875598472227,0.400664143495738,Mcghee Tyson Airport,Knoxville
310,VLD,0.3804641587019159,0.40213391395194154,Valdosta Regional Airport,Valdosta
311,VPS,0.25835704669440235,0.369330341451166,Eglin Air Force Base,Eglin Village
313,WYS,0.39560313323061047,0.40486044465330473,Yellowstone Airport,West Yellowstone
314,XNA,0.06682399241735781,0.29439334920588783,Northwest Arkansas Regional Airport,Bentonville
315,YAK,0.3885834081849204,0.41142115915345984,Yakutat Airport,Yakutat
316,YUM,0.3659980274856077,0.4210918227348573,Yuma International Airport,Yuma
