,code,Total_delay,count,name,city
0,ABE,0.3564903491971972,0.37463990412056153,Lehigh Valley International Airport,Allentown
1,ABI,0.32092181856951846,0.3472227114265698,Abilene Regional Airport,Abilene
2,ABQ,0.15544671498490303,0.153428086150567,Albuquerque International Airport,Albuquerque
3,ABR,0.3846821253205203,0.39498465514809644,Aberdeen Regional Airport,Aberdeen
4,ABY,0.3748178111147767,0.38922107443939297,Southwest Georgia Regional Airport,Albany
5,ACK,0.3848088853737032,0.4031363330428762,Nantucket Memorial Airport,Nantucket
6,ACT,0.353584226098722,0.37179255747562434,Waco Regional Airport,Waco
7,ACV,0.2899192020722603,0.3419872675955563,Arcata Airport,Mckinleyville
8,ACY,0.3764835573170058,0.4009778605862303,Atlantic City International Airport,Egg Harbor City
9,ADK,0.38909320502356304,0.4098643376151874,Adak Airport,Adak
10,ADQ,0.38480633315786733,0.3999445493037934,Kodiak Airport,Kodiak
11,AEX,0.3104041371097851,0.33360596497134615,Alexandria International Airport,Alexandria
12,AGS,0.34210265779163135,0.3512870691374882,Bush Field Airport,Augusta
13,AKN,0.3900621963025921,0.4108057990058521,King Salmon Airport,King Salmon
14,ALB,0.23284995450436957,0.2286904260945889,Albany International Airport,Latham
15,ALO,0.3734294057000485,0.3966838781458815,Waterloo Municipal Airport,Waterloo
16,AMA,0.19931553989790113,0.2454759938159523,Amarillo International Airport,Amarillo
17,ANC,0.20338462267893362,0.026758439033480724,Anchorage International Airport,Anchorage
18,APN,0.3836859104059083,0.39787792673891964,Alpena County Regional Airport,Alpena
19,ART,0.3849909434366639,0.4068103287137629,Watertown International Airport,Dexter
20,ASE,0.2509655825075696,0.30735985839744956,Aspen Pitkin County Airport-Sardy Field,Aspen
21,ATL,6.243583190102796,8.07878784760373,Hartsfield-Jackson Atlanta International Airport,Atlanta
22,ATW,0.3134259606594877,0.3500241331256209,Outagamie County Airport,Appleton
23,AUS,0.5240266664032559,0.5773842240979448,Austin-Bergstrom International Airport,Austin
24,AVL,0.3179102038831595,0.33429483915963737,Asheville Regional Airport,Fletcher
25,AVP,0.3517491829127117,0.37328511821692206,Wilkes Barre Scranton International Airport,Pittston
26,AZO,0.36333454133046217,0.37025407178844055,Kalamazoo-Battle Creek International Airport,Kalamazoo
27,BDL,0.010614059116375951,0.08793911331701225,Bradley International Airport,Windsor Locks
28,BET,0.37824798919822283,0.389795136262969,Bethel Airport,Bethel
29,BFL,0.33797572478498517,0.3360629495762516,Kern County-Meadows Field Airport,Bakersfield
30,BGR,0.3758157275066126,0.39333135709619743,Bangor International Airport,Bangor
31,BHM,0.05384689389925467,0.09013486435627564,Birmingham International Airport,Birmingham
32,BIL,0.3548194985632963,0.33780809751992275,Logan International Airport,Billings
33,BIS,0.34764181689414075,0.3592780097216667,Bismarck Municipal Airport,Bismarck
34,BJI,0.38449155987143996,0.39548982955284334,Bemidji-Beltrami County Airport,Bemidji
36,BLI,0.3800532565328143,0.3910580722748363,Bellingham International Airport,Bellingham
37,BMI,0.3222174934755424,0.34024211965188517,Bloomington Normal Airport,Bloomington
38,BNA,0.9556420952752157,0.8660684339378643,Nashville International Airport,Nashville
39,BOI,0.1729324340636173,0.15442978859679224,Boise Air Terminal,Boise
40,BOS,1.6722787798368581,2.128223721725091,Gen E L Logan International Airport,Boston
41,BPT,0.35939562155706045,0.3877514761710383,Jefferson County Airport,Beaumont
42,BQK,0.36669580958633907,0.3889225622911334,Glynco Jetport Airport,Brunswick
43,BQN,0.36412998193265017,0.37994423537040417,Rafael Hernandez Airport,Aguadilla
44,BRD,0.37291981327148094,0.39147139678781107,Brainerd-Crow Wing County Regional Airport,Brainerd
45,BRO,0.3337024647370809,0.35613215092846995,Brownsville-South Padre Island International Air,Brownsville
46,BRW,0.37229537113029804,0.39085141001834894,Wiley Post Will Rogers Memorial Airport,Barrow
47,BTM,0.38711013331907074,0.39473206794572296,Bert Mooney Airport,Butte
48,BTR,0.1588901425345096,0.2176684390819289,Baton Rouge Metropolitan Airport,Baton Rouge
49,BTV,0.2770628401682329,0.31585597338637494,Burlington International Airport,South Burlington
50,BUF,0.02842682417371616,0.009866705310670687,Greater Buffalo International Airport,Buffalo
51,BUR,0.04428799485520679,0.07416162955118727,Burbank Glendale Pasadena Airport,Burbank
52,BWI,1.9391052888324283,1.6739111945470122,Baltimore-Washington International Thurgood Mars,Baltimore
53,BZN,0.3138623895674261,0.3199432935702364,Gallatin Field Airport,Bozeman
54,CAE,0.21177800982458833,0.2507573625928519,Columbia Metropolitan Airport,West Columbia
55,CAK,0.26772513316329616,0.2555565194379476,Akron Canton Regional Airport,Canton
56,CDC,0.38599651647600747,0.3972349774965145,Cedar City Municipal Airport,Cedar City
57,CDV,0.38029401556000064,0.3956276043905016,Merle K Mudhole Smith Airport,Cordova
58,CEC,0.34727344707515956,0.39013957335711463,Jack Mcnamara Field Airport,Crescent City
59,CHA,0.30725044907522786,0.3222854658104266,Chattanooga Metropolitan Airport,Chattanooga
60,CHO,0.33647332039625355,0.3654089899974588,Charlottesville Albemarle Airport,Earlysville
62,CIC,0.3605926107840963,0.38928996185822207,Chico Municipal Airport,Chico
63,CID,0.20524263580746693,0.2614119500384232,Cedar Rapids Municipal Airport,Cedar Rapids
64,CIU,0.3850105104247391,0.4058918297960412,Chippewa County International Airport,Kincheloe
65,CLD,0.35442390510873223,0.3548921773895457,Mcclellan Palomar Airport,Carlsbad
66,CLE,0.4682080045949549,0.4480366140097912,Hopkins International Airport,Cleveland
67,CLL,0.3386069728350638,0.3501619079632791,Easterwood Field Airport,College Station
68,CLT,1.6682581891567079,2.165124415744559,Douglas International Airport,Charlotte
69,CMH,0.28572627380551185,0.20959429496924684,Port Columbus International Airport,Columbus
70,CMI,0.3221103004104347,0.35677510017087516,University of Illinois-Willard Airport,Savoy
71,CMX,0.3654869100187357,0.3954439046069573,Houghton County Memorial Airport,Hancock
72,CNY,0.38970148313111863,0.40028898639793903,Canyonlands Field Airport,Thompson
73,COD,0.37816801976869807,0.39238989570553273,Yellowstone Regional Airport,Cody/Yellowstone
74,COS,0.15855239930555917,0.20230654468303405,City of Colorado Springs Municipal Airport,Colorado Springs
75,COU,0.35671749640659206,0.3811842089093284,Columbia Regional Airport,Columbia
76,CPR,0.355748505127563,0.3579002613450842,Natrona County International Airport,Casper
77,CRP,0.21540385778878662,0.25895496543351776,Corpus Christi International Airport,Corpus Christi
78,CRW,0.29953254838747395,0.33996656997656866,Yeager Airport,Charleston
79,CSG,0.3614161257604792,0.38171234578701835,Columbus Metropolitan Airport,Columbus
80,CVG,0.08128017353233535,0.0645862783339389,Greater Cincinnati International Airport,Hebron
81,CWA,0.35207501580109457,0.38010497268100546,Central Wisconsin Airport,Mosinee
82,DAB,0.3628343070266262,0.3752139659441376,Daytona Beach International Airport,Daytona Beach
83,DAL,0.8591351578724258,0.6970187081311917,Dallas Love Field Airport,Dallas
84,DAY,0.172367543625272,0.1911467828327158,James M Cox Dayton International Airport,Dayton
85,DBQ,0.3703701496514194,0.39158620915252623,Dubuque Regional Airport,Dubuque
86,DCA,0.9279726726596396,1.253100915392831,Washington National Airport,Arlington
87,DEN,5.577196232395526,4.7360488113933865,Denver International Airport,Denver
88,DFW,6.3344709989735515,5.978410447503712,Fort Worth International Airport,Dallas
89,DHN,0.3654656415534365,0.38061014708575236,Dothan Airport,Dothan
90,DIK,0.35306527554542283,0.37369844272989683,Dickinson Municipal Airport,Dickinson
91,DLG,0.3883360476589135,0.41048432438464955,Dillingham Municipal Airport,Dillingham
92,DLH,0.33588290779954927,0.36931261039777585,Duluth International Airport,Duluth
93,DRO,0.34911019173839375,0.36501862795742707,Durango la Plata County Airport,Durango
94,DSM,0.11764633462640695,0.18455655309806285,Des Moines International Airport,Des Moines
95,DTW,1.6463635802391556,2.021310447702289,Detroit Metropolitan Wayne County Airport,Detroit
96,DVL,0.38315760172787755,0.4045140814194587,Devils Lake Municipal Airport,Devils Lake
97,EAU,0.3727522177649237,0.39548982955284334,Eau Claire County Airport,Eau Claire
99,EGE,0.34283599447514584,0.3846974672696138,Eagle County Regional Airport,Gypsum
100,EKO,0.3836799552356246,0.3900017985194564,Elko Municipal Airport-J C Harris Field,Elko
101,ELM,0.34622874005966553,0.36720006288701607,Elmira Corning Regional Airport,Horseheads
102,ELP,0.016556468320957158,0.017251975235061487,El Paso International Airport,El Paso
103,ERI,0.37749508552663313,0.40290670831344577,Erie International Airport,Erie
104,ESC,0.38984270574070495,0.4110813486811686,Delta County Airport,Escanaba
105,EUG,0.2848845309666466,0.29220462625504207,Mahlon Sweet Field Airport,Eugene
106,EVV,0.3105223897768484,0.33803772224935313,Evansville Regional Airport,Evansville
107,EWN,0.37513768883287585,0.3939283813927165,Craven County Regional Airport,New Bern
108,EWR,2.612908135020204,2.1217942293010394,Newark International Airport,Newark
109,EYW,0.34468805243339545,0.32274471526928744,Key West International Airport,Key West
110,FAI,0.35256674271881083,0.35215964310932374,Fairbanks International Airport,Fairbanks
111,FAR,0.26118040102144313,0.29264091324095987,Hector International Airport,Fargo
112,FAT,0.14828568573635573,0.171950155452333,Fresno Yosemite International Airport,Fresno
113,FAY,0.3480816487565271,0.36361791710790153,Fayetteville Regional Airport,Fayetteville
114,FCA,0.3621707309092929,0.3647201158091675,Glacier Park International Airport,Kalispell
115,FLG,0.373018498950469,0.37011629695078235,Flagstaff Pulliam Airport,Flagstaff
116,FLL,1.127341564896604,1.060032442887737,Fort Lauderdale Hollywood International Airport,Dania Beach
117,FNT,0.315308645207768,0.3133530638355834,Bishop International Airport,Flint
119,FSD,0.19712573871070113,0.25335212203541563,Sioux Falls Regional Airport,Sioux Falls
120,FSM,0.34321882685053046,0.35590252619903956,Smith Field Airport,Fort Smith
121,FWA,0.293634377590715,0.3217343664597936,Fort Wayne Municipal Airport-Baer Field,Fort Wayne
122,GCC,0.3671679695159801,0.3790257364526825,Gillette Campbell County Airport,Gillette
123,GCK,0.3677158451820861,0.3955127920257864,Garden City Regional Airport,Pierceville
124,GEG,0.26882173523412006,0.20051547179347678,Spokane International Airport,Spokane
125,GFK,0.3824336231690947,0.39454836816217864,Grand Forks Mark Andrews International Airport,Grand Forks
126,GGG,0.37776306818940236,0.3959720414846472,Gregg County Airport,Longview
127,GJT,0.3395853222388245,0.3270157352366932,Walker Field Airport,Grand Junction
128,GNV,0.34041479238549116,0.3513559565563173,Gainesville Regional Airport,Gainesville
129,GPT,0.3032953652681988,0.31369750092972903,Gulfport Biloxi Regional Airport,Gulfport
130,GRB,0.281066416076144,0.29828968158494806,Austin Straubel International Airport,Green Bay
133,GRR,0.1162911080175454,0.14795437122685448,Gerald R. Ford International Airport,Grand Rapids
134,GSO,0.18914155683740197,0.20935602387654784,Triad International Airport,Greensboro
135,GSP,0.22540939460411655,0.2431567840487051,Greenville Spartanburg International Airport,Greer
136,GST,0.38941393348027414,0.41048432438464955,Gustavus Airport,Gustavus
137,GTF,0.36459618669200744,0.36699340063052865,Great Falls International Airport,Great Falls
138,GTR,0.371773868361163,0.3889684872370195,Golden Triangle Regional Airport,Columbus
139,GUC,0.3702076585765339,0.3974186772800588,Gunnison County Airport,Gunnison
140,GUM,0.3798312137550912,0.40387113217705356,Antonio B Won Pat International Airport,Hagåtña
141,HDN,0.37468169293686215,0.3973957148071158,Yampa Valley Airport,Hayden
142,HIB,0.3850896291156519,0.39771718942831835,Chisholm Hibbing Airport,Hibbing
143,HLN,0.37948070944696133,0.3785435245208786,Helena Regional Airport,Helena
144,HNL,0.015621868938037778,0.6512085746098236,Honolulu International Airport,Honolulu
145,HOB,0.3800685698278297,0.39799273910363486,Lea County Regional Airport,Hobbs
146,HOU,1.205012298691859,0.954152480147372,William P Hobby Airport,Houston
147,HPN,0.1932863553548994,0.23495918120803924,Westchester County Airport,Purchase
148,HRL,0.31166663320994237,0.32517873740124986,Grande Valley International Airport,Harlingen
149,HSV,0.2536122303293952,0.2667622062341519,Huntsville International Airport,Huntsville
150,HYA,0.38998818204335106,0.4105072868575926,Barnstable Boardman Polando Airport,Hyannis
151,HYS,0.3886423135592212,0.4062362668901868,Hays Municipal Airport,Hays
152,IAD,1.2662220910841873,0.9217983557706263,Dulles International Airport,Washington
153,IAH,3.597834598989997,3.5880399766060203,George Bush Intercontinental Airport,Houston
154,ICT,0.17230203675215064,0.20097472125233762,Wichita Mid-Continent Airport,Wichita
155,IDA,0.3562342768749955,0.34359464070156925,Fanning Field Airport,Idaho Falls
157,ILM,0.34936541332198345,0.3593009721946097,Wilmington International Airport,Wilmington
158,IMT,0.3800558087486502,0.3966609156729385,Ford Airport,Kingsford
159,IND,0.249962073297081,0.24279803084488505,Indianapolis International Airport,Indianapolis
160,INL,0.3812043058748041,0.3974186772800588,Falls International Airport,International Falls
161,ISN,0.32786809933621935,0.3475901109936585,Sloulin Field International Airport,Williston
162,ISP,0.26056531700499186,0.29838153147672025,Long Island Macarthur Airport,Ronkonkoma
163,ITO,0.35920590684659204,0.27261763683462753,Hilo International Airport,Hilo
164,JAC,0.3081445753564039,0.3303912187593203,Jackson Hole Airport,Jackson
165,JAN,0.19818235606676265,0.2264401037461708,Jackson International Airport,Pearl
166,JAX,0.03053191385135063,0.092761232635051,Jacksonville International Airport,Jacksonville
167,JFK,1.9124252752225683,1.8968538443510035,John F Kennedy International Airport,Jamaica
168,JLN,0.37471827469717667,0.3959720414846472,Joplin Regional Airport,Webb City
169,JMS,0.3792918454751049,0.4003578738167682,Jamestown Municipal Airport,Jamestown
170,JNU,0.32450853255756634,0.31378935082150117,Juneau International Airport,Juneau
171,KOA,0.29729595657661584,0.15984893221135005,Kailua-Kona International Airport,Kailua Kona
172,KTN,0.34739765491250657,0.35744101188622335,Ketchikan International Airport,Ketchikan
173,LAN,0.33957085968242107,0.37144812038147873,Lansing Capital City Airport,Lansing
174,LAR,0.37117664985556303,0.3955357544987294,General Brees Field,Laramie
175,LAS,2.7025470596085936,2.734869294407308,Mccarran International Airport,Las Vegas
176,LAW,0.3655294469493339,0.3774413258196126,Lawton Municipal Airport,Lawton
177,LAX,4.037454627461943,4.6838551103938535,Los Angeles International Airport,Los Angeles
178,LBB,0.25185545509568585,0.26308821056326526,Lubbock International Airport,Lubbock
179,LCH,0.35291299333388093,0.36536306505157273,Lake Charles Regional Airport,Lake Charles
180,LEX,0.24760686646752858,0.27989674075757176,Blue Grass Field,Lexington
181,LFT,0.2451524855720072,0.2651089081822529,Lafayette Regional Airport,Lafayette
182,LGA,2.050871924718049,2.043951446024128,LaGuardia Airport,Flushing
183,LGB,0.22545023005749093,0.14712772220090498,Long Beach Daugherty Field Airport,Long Beach
184,LIH,0.3099566485998911,0.1558993868651469,Lihue Airport,Lihue
185,LIT,0.009988766236581077,0.09261481143412414,Adams Field Airport,Little Rock
186,LMT,0.3883249880569579,0.40513406818892084,Klamath Falls International Airport,Klamath Falls
187,LNK,0.3187150026100791,0.35613215092846995,Lincoln Municipal Airport,Lincoln
188,LRD,0.34306994759343645,0.35718842468384987,Laredo International Airport,Laredo
189,LSE,0.3628206952088348,0.3852715290931898,La Crosse Municipal Airport,La Crosse
190,LWS,0.3886933578759391,0.3973497898612297,Lewiston Nez Perce County Airport,Lewiston
191,MAF,0.15779694341813352,0.18379879149094247,Midland International Airport,Midland
192,MBS,0.3518572267164313,0.3783827872102773,MBS International Airport,Freeland
193,MCI,0.5864402539315158,0.6157085914398812,Kansas City International Airport,Kansas City
194,MCN,0.39117836536149125,0.4122294723283207,Middle Georgia Regional Airport,Macon
195,MCO,2.3191421371381247,2.1231949401505648,Orlando International Airport,Orlando
196,MDT,0.2928448921588107,0.3201269933537807,Harrisburg International Airport,Middletown
197,MDW,2.2284066104789106,1.6199493831308645,Chicago Midway International Airport,Chicago
198,MEI,0.3866532866844451,0.4088080638598075,Key Field Airport,Meridian
199,MEM,0.06277794784767178,0.06694276668380358,Memphis International Airport,Memphis
200,MFE,0.3025807448341475,0.3101153551506145,Miller International Airport,Mcallen
201,MFR,0.3039657472944278,0.34063248169191684,Rogue Valley International-Medford Airport,Central Point
202,MGM,0.314189073194421,0.3308963931640672,Montgomery Regional Airport,Montgomery
203,MHK,0.35009194409660227,0.3713333080167635,Manhattan Municipal Airport,Manhattan
204,MHT,0.2731911287451765,0.2571638925439605,Manchester-Boston Regional Airport,Manchester
205,MIA,1.0783849607324194,1.4758139404673918,Miami International Airport,Miami
206,MKE,0.3920711525170745,0.3605266296238595,General Mitchell International Airport,Milwaukee
207,MKG,0.36714159661900914,0.3955127920257864,Muskegon County Airport,Muskegon
208,MLB,0.37050371561349804,0.3804723722480941,Melbourne International Airport,Melbourne
209,MLI,0.2763618315519731,0.3066709842091583,Quad City Airport,Coal Valley
210,MLU,0.31901105964704324,0.3370044109669163,Monroe Regional Airport,Monroe
212,MOB,0.2626479251270842,0.2847877474944396,Mobile Regional Airport,Mobile
213,MOD,0.3790306687212314,0.4015748848827494,Modesto City County Airport-Harry Sham Field,Modesto
214,MOT,0.35965594757232194,0.3756502529300554,Minot International Airport,Minot
215,MQT,0.377299415645881,0.40504221829714865,Sawyer International Airport,Marquette
216,MRY,0.3024607906898603,0.30589026012909487,Monterey Peninsula Airport,Monterey
217,MSN,0.14639194158611982,0.16839097214616155,Dane County Regional Airport-Truax Field,Madison
218,MSO,0.3364154701706399,0.33344522766074486,Missoula International Airport,Missoula
219,MSP,1.5036292081393672,2.0267755162627332,Minneapolis St Paul International Airport,St. Paul
220,MSY,0.4451257645750985,0.5174980946624922,New Orleans International Airport,Kenner
221,MTJ,0.3659037719385989,0.38997883604651334,Montrose Regional Airport,Montrose
222,MVY,0.38619899226565535,0.408555476657434,Marthas Vineyard Airport,Vineyard Haven
224,OAJ,0.36159988530066384,0.38008201020806237,Albert J Ellis Airport,Richlands
225,OAK,0.5240785614585858,0.5812189570794327,Oakland International Airport,Oakland
226,OGG,0.18888378303797632,0.09188865866321541,Kahului Airport,Kahului
227,OKC,0.07483327633085841,0.06359889199738812,Will Rogers World Airport,Oklahoma City
228,OMA,0.01888530225353864,0.040314944433143894,Eppley Airfield,Omaha
229,OME,0.378443659078975,0.3956964918093307,Nome Airport,Nome
230,ONT,0.004467834996553995,0.05817974838283029,Ontario International Airport,Ontario
231,ORD,8.373016816136317,6.178803948877635,Chicago O'Hare International Airport,Chicago
232,ORF,0.12314040458248217,0.1411345167627711,Norfolk International Airport,Norfolk
233,ORH,0.3792850395662092,0.3954668670799003,Worcester Municipal Airport,Worcester
234,OTH,0.37683406162513566,0.4036185449746801,North Bend Municipal Airport,North Bend
235,OTZ,0.3806462213453545,0.39576537922815985,Ralph Wien Memorial Airport,Kotzebue
236,PAH,0.37395090846918355,0.39548982955284334,Barkley Regional Airport,West Paducah
237,PBI,0.16901174215269793,0.10488541834897698,Palm Beach International Airport,West Palm Beach
238,PDX,0.39079504459912573,0.812451059615862,Portland International Airport,Portland
239,PHF,0.3471534929308724,0.3648578906468258,Newport News-Williamsburg International Airport,Newport News
240,PHL,1.2642049898352163,1.2602192820051739,Philadelphia International Airport,Philadelphia
241,PHX,2.687322241408854,3.272650410733343,Sky Harbor International Airport,Phoenix
242,PIA,0.29319965016000044,0.3196907063678629,Greater Peoria Regional Airport,Peoria
243,PIB,0.3883334954430776,0.4100939623446178,Pine Belt Regional Airport,Moselle
244,PIH,0.3841240407910707,0.3868100147803736,Pocatello Municipal Airport,Pocatello
245,PIT,0.10472738041672514,0.2373099998114981,Pittsburgh International Airport,Coraopolis
246,PLN,0.3861360376083699,0.40240153390869887,Pellston Regional Airport,Pellston
247,PNS,0.2412127150599935,0.22430459376246792,Pensacola Regional Airport,Pensacola
248,PPG,0.38698337326588783,0.40968063783164305,Pago Pago International Airport,Pago Pago
249,PSC,0.3602829419293408,0.34492646413226563,Tri Cities Airport,Pasco
250,PSE,0.3802472249363425,0.3937446816091722,Mercedita Airport,Coto Laurel
251,PSG,0.37948070944696133,0.3955816794446155,Petersburg James A Johnson Airport,Petersburg
252,PSP,0.11305915203068727,0.1473573469303354,Palm Springs International Airport,Palm Springs
253,PUB,0.3767056000947288,0.40141414757214805,Pueblo Memorial Airport,Pueblo
254,PVD,0.18828060936209257,0.13321246359742175,Theodore Francis Green State Airport,Warwick
255,PWM,0.2820949590580107,0.2936742245233967,Jetport International Airport,Portland
256,RAP,0.30106557936623635,0.32572983675188283,Rapid City Regional Airport,Rapid City
257,RDD,0.35867164299827753,0.38715445187451925,Redding Municipal Airport,Redding
258,RDM,0.333425974688192,0.3410917311507777,Roberts Field Airport,Redmond
259,RDU,0.3957795221266334,0.4789900275370113,Durham International Airport,Raleigh/Durham
260,RHI,0.37389135676634594,0.38827961304872827,Rhinelander-Oneida County Airport,Rhinelander
261,RIC,0.0007101225475009956,0.013049842686484868,Richmond International Airport,Richmond
262,RKS,0.36854021089708094,0.37282586875806123,Rock Springs-Sweetwater County Airport,Rock Springs
263,RNO,0.1002623418294975,0.06003106232794806,Reno-Tahoe International Airport,Reno
264,ROA,0.3120026749616689,0.35512180211897615,Roanoke Regional Airport-Woodrum Field,Roanoke
265,ROC,0.1827176295784481,0.2201483861597774,Greater Rochester International Airport,Rochester
266,ROW,0.36778645648687924,0.38825665057578523,Roswell Industrial Air Center,Roswell
267,RST,0.3554635076925544,0.3748465663770489,Rochester International Airport,Rochester
268,RSW,0.16848513495189107,0.19949080687430853,Southwest Florida International Airport,Fort Myers
270,SAN,1.1285734344067306,1.3496810765912641,San Diego International Airport,San Diego
271,SAT,0.2750937426331631,0.3668183472102529,San Antonio International Airport,San Antonio
272,SAV,0.1611241821295318,0.20141100823825542,Savannah International Airport,Savannah
273,SBA,0.18596574959893358,0.2212505848610434,Santa Barbara Municipal Airport,Goleta
274,SBN,0.28779745997401757,0.29932299286738495,South Bend Regional Airport,South Bend
275,SBP,0.2709715517065577,0.30260662649823994,San Luis Obispo County Airport,San Luis Obispo
276,SCC,0.3767838680470297,0.3908054850724628,Deadhorse Airport,Prudhoe Bay
277,SCE,0.36819736323645874,0.39571945428227373,University Park Airport,State College
278,SDF,0.02487243825292299,0.08124838732731852,Louisville International Airport,Louisville
279,SEA,1.2062858543939718,2.084089848728565,Tacoma International Airport,Seattle
280,SFO,3.702847221035221,3.4200235620817843,San Francisco International Airport,San Francisco
281,SGF,0.20132498449936437,0.25817424135345435,Springfield Regional Airport,Springfield
282,SGU,0.3729614994634673,0.37094294597673183,St George Municipal Airport,St. George
283,SHV,0.19060737946581904,0.25447728320962465,Shreveport Regional Airport,Shreveport
284,SIT,0.37077680270793906,0.3829752817988856,Sitka Airport,Sitka
285,SJC,0.37564424065862656,0.5591290581082267,Norman Y Mineta San Jose International Airport,San Jose
286,SJT,0.3539015516009852,0.37156293274619395,Mathis Field Airport,San Angelo
287,SJU,0.129740797085744,0.1825445018423438,Luis Munoz Marin Airport,Carolina
288,SLC,1.0093738952683646,2.0811506521918557,Salt Lake City International Airport,Salt Lake City
289,SMF,0.38026545279882484,0.5546284134113905,Sacramento International Airport,Sacramento
290,SMX,0.3759654575023186,0.38421525533780987,Santa Maria Public Airport,Santa Maria
291,SNA,0.2972265583620657,0.486521718662329,John Wayne Airport,Santa Ana
292,SPI,0.3399834679092245,0.3714251579085357,Capital Airport,Springfield
294,SRQ,0.29758010327301243,0.3789798115067964,Sarasota Bradenton Airport,Sarasota
295,STC,0.3732711683182228,0.3259824239542563,St Cloud Regional Airport,St. Cloud
296,STL,0.8781159870439951,0.4015289599368633,Lambert St Louis International Airport,St. Louis
297,STT,0.31247398415269795,0.7913944719270928,Cyril E King International Airport,Charlotte Amalie
298,STX,0.3795921562051288,0.315901898332261,Henry E Rohlson International Airport,Frederiksted
299,SUN,0.37126682814843137,0.3909891848560072,Friedman Memorial Airport,Hailey
300,SUX,0.3726748005512348,0.38697075209097487,Sioux Gateway Airport,Sioux City
301,SWF,0.3730993191186058,0.39532909224224205,Stewart International Airport,New Windsor
302,SYR,0.22842015855186357,0.3950305800939825,Hancock International Airport,Syracuse
303,TLH,0.29813988927968593,0.26384597217038563,Tallahassee Regional Airport,Tallahassee
304,TOL,0.3713391409304485,0.3107123794471336,Toledo Express Airport,Swanton
305,TPA,1.0068659178402892,0.3889225622911334,Tampa International Airport,Tampa
306,TRI,0.35693953918431515,1.0773920724326764,Tri-Cities Regional Airport,Blountville
308,TUL,0.009254090427473662,0.34099988125900554,Tulsa International Airport,Tulsa
309,TUS,0.08013301553177438,0.006858621355132231,Tucson International Airport,Tucson
310,TVC,0.32946578644949115,0.03339459371401976,Cherry Capital Airport,Traverse City
311,TWF,0.38215032721131004,0.35392775352593797,Twin Falls-Sun Valley Regional Airport,Twin Falls
312,TXK,0.37037440334447924,0.3889684872370195,Texarkana Regional Airport,Texarkana
313,TYR,0.3346493368121988,0.388118875738127,Tyler Pounds Field Airport,Tyler
314,TYS,0.13941843718383604,0.3512411441916021,Mcghee Tyson Airport,Knoxville
316,VEL,0.3895313354087254,0.4082110395632884,Vernal Airport,Vernal
317,VLD,0.37264162174536813,0.4003578738167682,Valdosta Regional Airport,Valdosta
318,VPS,0.28508190232462266,0.38876182498053213,Eglin Air Force Base,Eglin Village
320,WYS,0.38898601195845534,0.3955816794446155,Yellowstone Airport,West Yellowstone
321,XNA,0.07190892536990086,0.40607552957958554,Northwest Arkansas Regional Airport,Bentonville
322,YAK,0.38050840169021605,0.17162868083113042,Yakutat Airport,Yakutat
323,YUM,0.35566513274359035,0.3956276043905016,Yuma International Airport,Yuma
