,code,Total_delay,count,name,city
0,ABE,0.33328938774093964,0.35200324964523105,Lehigh Valley International Airport,Allentown
1,ABI,0.3404712284533004,0.3516186374811473,Abilene Regional Airport,Abilene
2,ABQ,0.04315376513050059,0.06643216063293503,Albuquerque International Airport,Albuquerque
3,ABR,0.3723603254576893,0.3920707874447786,Aberdeen Regional Airport,Aberdeen
4,ABY,0.36837114279686994,0.38707082931168996,Southwest Georgia Regional Airport,Albany
5,ACK,0.3720679540716955,0.39709336982281335,Nantucket Memorial Airport,Nantucket
6,ACT,0.35345926502341,0.36903930608964625,Waco Regional Airport,Waco
7,ACV,0.34923581041868534,0.3762338159825068,Arcata Airport,Mckinleyville
8,ACY,0.2942971653973421,0.32243336150067503,Atlantic City International Airport,Egg Harbor City
9,ADK,0.38779790947327275,0.4064824314754459,Adak Airport,Adak
10,ADQ,0.3845190393463742,0.39774947292625035,Kodiak Airport,Kodiak
11,AEX,0.3028705814565003,0.3313020655195472,Alexandria International Airport,Alexandria
12,AGS,0.33416087937226735,0.35039692825405777,Bush Field Airport,Augusta
13,AKN,0.3899888206926751,0.4074326497631822,King Salmon Airport,King Salmon
14,ALB,0.25654471018089137,0.22349753835136874,Albany International Airport,Latham
15,ALO,0.3788252940216999,0.3936092361011136,Waterloo Municipal Airport,Waterloo
16,AMA,0.29775033385050614,0.3065737657934572,Amarillo International Airport,Amarillo
17,ANC,0.16285373728650962,0.018838618568925356,Anchorage International Airport,Anchorage
18,APN,0.37815996170100885,0.39469519985852647,Alpena County Regional Airport,Alpena
19,ASE,0.25805154732409025,0.32693558624494945,Aspen Pitkin County Airport-Sardy Field,Aspen
20,ATL,6.645223893241093,8.175323537235215,Hartsfield-Jackson Atlanta International Airport,Atlanta
21,ATW,0.3293423740300232,0.33854182390230003,Outagamie County Airport,Appleton
22,AUS,0.61186765071612,0.6338482238811862,Austin-Bergstrom International Airport,Austin
23,AVL,0.3197540919098672,0.34032913925304215,Asheville Regional Airport,Fletcher
24,AVP,0.35592005752219125,0.37555508863412373,Wilkes Barre Scranton International Airport,Pittston
25,AZO,0.35654228380520375,0.3643787116307491,Kalamazoo-Battle Creek International Airport,Kalamazoo
26,BDL,0.023392586167462284,0.05523315938461429,Bradley International Airport,Windsor Locks
27,BET,0.37522968822664143,0.3866862171476062,Bethel Airport,Bethel
28,BFL,0.3326334262980048,0.3450576064467776,Kern County-Meadows Field Airport,Bakersfield
29,BGM,0.3815597161509625,0.40152772183224944,Greater Binghamton Edwin A Link Field Airport,Johnson City
30,BGR,0.38283884096468546,0.3999666489309684,Bangor International Airport,Bangor
31,BHM,0.09580229567748692,0.09981079123102626,Birmingham International Airport,Birmingham
32,BIL,0.35545619907325876,0.3380440905134858,Logan International Airport,Billings
33,BIS,0.3110120000510972,0.32306684035916594,Bismarck Municipal Airport,Bismarck
34,BJI,0.37822180949419987,0.3923649026290779,Bemidji-Beltrami County Airport,Bemidji
35,BLI,0.3825399099642623,0.39277213903810776,Bellingham International Airport,Bellingham
36,BMI,0.32443578243687066,0.3417092181947544,Bloomington Normal Airport,Bloomington
37,BNA,0.6980890969510254,0.7688923419644721,Nashville International Airport,Nashville
38,BOI,0.11234751744385457,0.1189282782104829,Boise Air Terminal,Boise
39,BOS,2.161570937123002,2.2610517931397176,Gen E L Logan International Airport,Boston
40,BPT,0.35377600069157,0.384876277551918,Jefferson County Airport,Beaumont
41,BQK,0.3703680768467187,0.38707082931168996,Glynco Jetport Airport,Brunswick
42,BQN,0.3513536287915892,0.37630168871734515,Rafael Hernandez Airport,Aguadilla
43,BRD,0.3830018942376435,0.39433321193938886,Brainerd-Crow Wing County Regional Airport,Brainerd
44,BRO,0.3425337586474426,0.3508041646630876,Brownsville-South Padre Island International Air,Brownsville
45,BRW,0.37652286935699864,0.3876816839252347,Wiley Post Will Rogers Memorial Airport,Barrow
46,BTM,0.3824780621710713,0.3923649026290779,Bert Mooney Airport,Butte
47,BTR,0.17262287734736048,0.23182326049153446,Baton Rouge Metropolitan Airport,Baton Rouge
48,BTV,0.3051327113468499,0.3336097385040497,Burlington International Airport,South Burlington
49,BUF,0.05238233359407928,0.00781274197758341,Greater Buffalo International Airport,Buffalo
50,BUR,0.06447451425069506,0.05849105065685305,Burbank Glendale Pasadena Airport,Burbank
51,BWI,1.9976227453391977,1.7201060964784063,Baltimore-Washington International Thurgood Mars,Baltimore
52,BZN,0.32155142626350863,0.31974107635208887,Gallatin Field Airport,Bozeman
53,CAE,0.2537887350327895,0.2825015691708041,Columbia Metropolitan Airport,West Columbia
54,CAK,0.2785419086258231,0.25974157875502496,Akron Canton Regional Airport,Canton
55,CDC,0.38145569940786855,0.39469519985852647,Cedar City Municipal Airport,Cedar City
56,CDV,0.38051392619336927,0.3924780238538084,Merle K Mudhole Smith Airport,Cordova
57,CEC,0.38398489931427016,0.4045593706550272,Jack Mcnamara Field Airport,Crescent City
58,CHA,0.2941772181620626,0.30435658978873914,Chattanooga Metropolitan Airport,Chattanooga
59,CHO,0.3215898468623091,0.3536321952813504,Charlottesville Albemarle Airport,Earlysville
61,CID,0.1989156861557397,0.24225303741168772,Cedar Rapids Municipal Airport,Cedar Rapids
62,CIU,0.375060075339254,0.39369973308089795,Chippewa County International Airport,Kincheloe
63,CLD,0.37973989169070616,0.39435583618433495,Mcclellan Palomar Airport,Carlsbad
64,CLE,0.4054909357155151,0.4466325969521878,Hopkins International Airport,Cleveland
65,CLL,0.349496320820308,0.3515281405013629,Easterwood Field Airport,College Station
66,CLT,1.8049790516903212,2.0774560454020956,Douglas International Airport,Charlotte
67,CMH,0.1854627259996607,0.18785648325866725,Port Columbus International Airport,Columbus
68,CMI,0.33874511277060615,0.35632448042993664,University of Illinois-Willard Airport,Savoy
69,CMX,0.37594187493611353,0.3923422783841318,Houghton County Memorial Airport,Hancock
70,CNY,0.3904629871071394,0.40419738273588957,Canyonlands Field Airport,Thompson
71,COD,0.3753590063396771,0.39311150271229933,Yellowstone Regional Airport,Cody/Yellowstone
72,COS,0.20829124935082968,0.2393797583035327,City of Colorado Springs Municipal Airport,Colorado Springs
73,COU,0.34360484997497764,0.376482682676914,Columbia Regional Airport,Columbia
74,CPR,0.36759710829420683,0.36560042085783867,Natrona County International Airport,Casper
75,CRP,0.27313584924826445,0.289990194247964,Corpus Christi International Airport,Corpus Christi
76,CRW,0.320479397848198,0.3498313221304052,Yeager Airport,Charleston
77,CSG,0.3695425025163964,0.3821613681583857,Columbus Metropolitan Airport,Columbus
78,CVG,0.1048000844497403,0.0877441993721636,Greater Cincinnati International Airport,Hebron
79,CWA,0.35994110116738176,0.3734510338541362,Central Wisconsin Airport,Mosinee
80,DAB,0.36775641321606245,0.3723650700967233,Daytona Beach International Airport,Daytona Beach
81,DAL,1.144632037965584,1.0759485943729754,Dallas Love Field Airport,Dallas
82,DAY,0.2006492985406389,0.19553397159798602,James M Cox Dayton International Airport,Dayton
83,DBQ,0.37120302205479716,0.3858943685744926,Dubuque Regional Airport,Dubuque
84,DCA,1.242832277236255,1.4149502806453755,Washington National Airport,Arlington
85,DEN,4.765233712350993,4.4370516720558575,Denver International Airport,Denver
86,DFW,5.829704514751244,5.486907134534799,Fort Worth International Airport,Dallas
87,DHN,0.36020067448122883,0.37768176765905737,Dothan Airport,Dothan
88,DIK,0.3752699830009931,0.38625635649363027,Dickinson Municipal Airport,Dickinson
89,DLG,0.3900338009059049,0.4071159103339368,Dillingham Municipal Airport,Dillingham
90,DLH,0.3452981675855251,0.3649216935094556,Duluth International Airport,Duluth
91,DRO,0.34135865057681364,0.35804392304584043,Durango la Plata County Airport,Durango
92,DSM,0.16225681237343892,0.20309046940998426,Des Moines International Airport,Des Moines
93,DTW,2.0455538479744457,2.2704182305474037,Detroit Metropolitan Wayne County Airport,Detroit
94,DVL,0.3823590520235674,0.3958716605957238,Devils Lake Municipal Airport,Devils Lake
95,EAU,0.3729422569663501,0.3923422783841318,Eau Claire County Airport,Eau Claire
97,EGE,0.34410150649605686,0.380690792236889,Eagle County Regional Airport,Gypsum
98,EKO,0.3856060611660948,0.3956454181462628,Elko Municipal Airport-J C Harris Field,Elko
99,ELM,0.345575545567109,0.35804392304584043,Elmira Corning Regional Airport,Horseheads
100,ELP,0.13617672249012572,0.11433555648642409,El Paso International Airport,El Paso
101,ERI,0.3731652838569479,0.39069070850306636,Erie International Airport,Erie
102,ESC,0.37761457661559733,0.39469519985852647,Delta County Airport,Escanaba
103,EUG,0.3061700675144625,0.3192659672082207,Mahlon Sweet Field Airport,Eugene
104,EVV,0.2881133231660179,0.31308954833793473,Evansville Regional Airport,Evansville
105,EWN,0.37949624886904465,0.39460470287874205,Craven County Regional Airport,New Bern
106,EWR,2.4994182557799327,2.111347164331357,Newark International Airport,Newark
107,EYW,0.35031158718509847,0.3608040809292649,Key West International Airport,Key West
108,FAI,0.35256528328546743,0.3554647591219847,Fairbanks International Airport,Fairbanks
109,FAR,0.25867471069487835,0.268135173630029,Hector International Airport,Fargo
110,FAT,0.19695342435358895,0.23523952147839594,Fresno Yosemite International Airport,Fresno
111,FAY,0.34997517267365047,0.3685189484558859,Fayetteville Regional Airport,Fayetteville
112,FCA,0.3644859768791445,0.3602610990505585,Glacier Park International Airport,Kalispell
113,FLG,0.3573538018188917,0.3677270998827723,Flagstaff Pulliam Airport,Flagstaff
114,FLL,1.426997200691311,1.388321544343813,Fort Lauderdale Hollywood International Airport,Dania Beach
115,FNT,0.31527012690351985,0.2921394975178438,Bishop International Airport,Flint
116,FSD,0.24323431541596807,0.2781803383860985,Sioux Falls Regional Airport,Sioux Falls
117,FSM,0.3418243832012974,0.36019322631572015,Smith Field Airport,Fort Smith
118,FWA,0.25267734893090277,0.27827083536588293,Fort Wayne Municipal Airport-Baer Field,Fort Wayne
119,GCC,0.37788633207052746,0.3843106714282654,Gillette Campbell County Airport,Gillette
120,GCK,0.37494668771840384,0.39245539960886233,Garden City Regional Airport,Pierceville
121,GEG,0.21732102715671542,0.17508165416670934,Spokane International Airport,Spokane
122,GFK,0.37798753755029457,0.39060021152328195,Grand Forks Mark Andrews International Airport,Grand Forks
123,GGG,0.3746374487524488,0.3929757572426227,Gregg County Airport,Longview
124,GJT,0.33621029033755084,0.33080433213073296,Walker Field Airport,Grand Junction
125,GNV,0.32332064798388144,0.3428630546870056,Gainesville Regional Airport,Gainesville
126,GPT,0.32425960993505387,0.3204198037004719,Gulfport Biloxi Regional Airport,Gulfport
127,GRB,0.2970362729654828,0.2873657818342161,Austin Straubel International Airport,Green Bay
130,GRR,0.15435903660050357,0.1425027414443217,Gerald R. Ford International Airport,Grand Rapids
131,GSO,0.21512543049843497,0.2429091405151247,Triad International Airport,Greensboro
132,GSP,0.2630396655537218,0.2465742681963933,Greenville Spartanburg International Airport,Greer
133,GST,0.3876676542724614,0.4071159103339368,Gustavus Airport,Gustavus
134,GTF,0.3626848941744006,0.36008010509098964,Great Falls International Airport,Great Falls
135,GTR,0.3701656658871845,0.3858943685744926,Golden Triangle Regional Airport,Columbus
136,GUC,0.3762258125321267,0.3976137274565737,Gunnison County Airport,Gunnison
137,GUM,0.3814079079313119,0.40060012778945925,Antonio B Won Pat International Airport,Hagåtña
138,HDN,0.36869724934278614,0.39250064809875457,Yampa Valley Airport,Hayden
139,HIB,0.37378001343775547,0.38664096865771397,Chisholm Hibbing Airport,Hibbing
140,HLN,0.37399273236282143,0.3732021671597291,Helena Regional Airport,Helena
141,HNL,0.14852741132355168,0.6533955715146188,Honolulu International Airport,Honolulu
142,HOB,0.37819931938758494,0.3947404483484187,Lea County Regional Airport,Hobbs
143,HOU,0.9345294619691092,0.8752941659459923,William P Hobby Airport,Houston
144,HPN,0.15568876415411004,0.2241536414548057,Westchester County Airport,Purchase
145,HRL,0.34361984337938756,0.3327047687062056,Grande Valley International Airport,Harlingen
146,HSV,0.2936374556033048,0.2977955587543694,Huntsville International Airport,Huntsville
147,HYA,0.38720754417463144,0.40698016486426014,Barnstable Boardman Polando Airport,Hyannis
148,HYS,0.38119331483069463,0.39469519985852647,Hays Municipal Airport,Hays
149,IAD,0.5640302568584342,0.4350489835397834,Dulles International Airport,Washington
151,IAH,3.478855839244767,3.2072429652756167,George Bush Intercontinental Airport,Houston
152,ICT,0.17957887990579655,0.20990036713876112,Wichita Mid-Continent Airport,Wichita
153,IDA,0.3611949246111629,0.3534738255667277,Fanning Field Airport,Idaho Falls
155,ILM,0.35212578911870107,0.36191266893162394,Wilmington International Airport,Wilmington
156,IMT,0.38118019560183597,0.3935187391213292,Ford Airport,Kingsford
157,IND,0.1624619065470387,0.22305980839480277,Indianapolis International Airport,Indianapolis
158,INL,0.3777148450075888,0.3946725756135804,Falls International Airport,International Falls
159,ISN,0.33580359424293127,0.34634718840870543,Sloulin Field International Airport,Williston
160,ISP,0.2946035930999702,0.3012118197412309,Long Island Macarthur Airport,Ronkonkoma
161,ITH,0.390003814097085,0.40808875286661916,Tompkins County Airport,Ithaca
162,ITO,0.34227324824581995,0.2679994281603524,Hilo International Airport,Hilo
163,JAC,0.30549630140379086,0.3258496224875365,Jackson Hole Airport,Jackson
164,JAN,0.23389248738080046,0.23349745461754604,Jackson International Airport,Pearl
165,JAX,0.010615266297606167,0.03797086049073806,Jacksonville International Airport,Jacksonville
166,JFK,2.2055906353828076,1.9013941712315257,John F Kennedy International Airport,Jamaica
167,JLN,0.3742701103444053,0.3924780238538084,Joplin Regional Airport,Webb City
168,JMS,0.3725571138905698,0.38879027192759374,Jamestown Municipal Airport,Jamestown
169,JNU,0.3012728467990662,0.3086325720835525,Juneau International Airport,Juneau
170,KOA,0.2582633291613806,0.13553447400092214,Kailua-Kona International Airport,Kailua Kona
171,KTN,0.3438250656022486,0.35218424360479983,Ketchikan International Airport,Ketchikan
172,LAN,0.3467216039166937,0.36200316591140835,Lansing Capital City Airport,Lansing
173,LAR,0.3822972042303764,0.3945142058989577,General Brees Field,Laramie
174,LAS,2.967934030957257,2.8913180088482413,Mccarran International Airport,Las Vegas
175,LAW,0.3568683903511199,0.3759397007982075,Lawton Municipal Airport,Lawton
176,LAX,4.341000957098423,4.396554273602334,Los Angeles International Airport,Los Angeles
177,LBB,0.28472762503269855,0.2940851825832086,Lubbock International Airport,Lubbock
178,LBE,0.3509947241735263,0.37722928276013534,Westmoreland County Airport,Latrobe
179,LCH,0.35730413616678375,0.3622972810957077,Lake Charles Regional Airport,Lake Charles
180,LEX,0.26081501917439714,0.26030718487867754,Blue Grass Field,Lexington
181,LFT,0.261710875087891,0.2826146903955346,Lafayette Regional Airport,Lafayette
182,LGA,2.5983334930234028,2.038972204748775,LaGuardia Airport,Flushing
183,LGB,0.20245694085981217,0.1927738137145615,Long Beach Daugherty Field Airport,Long Beach
184,LIH,0.27041923178673866,0.15035335444061929,Lihue Airport,Lihue
185,LIT,0.131493157787571,0.14935788766299077,Adams Field Airport,Little Rock
186,LNK,0.33456007876468197,0.3427046849723829,Lincoln Municipal Airport,Lincoln
187,LRD,0.3478179966141705,0.3544466680994101,Laredo International Airport,Laredo
188,LSE,0.3531050458442252,0.367885469597395,La Crosse Municipal Airport,La Crosse
189,LWS,0.38783633007207324,0.39435583618433495,Lewiston Nez Perce County Airport,Lewiston
190,MAF,0.22348425345697595,0.2249907385178115,Midland International Airport,Midland
191,MBS,0.345266306601154,0.3667090088601977,MBS International Airport,Freeland
192,MCI,0.432511861725552,0.5463376444296616,Kansas City International Airport,Kansas City
193,MCO,2.626496729031922,2.3067075194409523,Orlando International Airport,Orlando
194,MDT,0.3145335759118816,0.32808942273720065,Harrisburg International Airport,Middletown
195,MDW,1.64804308773149,1.5934555732701243,Chicago Midway International Airport,Chicago
196,MEI,0.36132611689974986,0.38643735045319905,Key Field Airport,Meridian
197,MEM,0.038843289411904396,0.040309027022776646,Memphis International Airport,Memphis
198,MFE,0.3131092024929374,0.3263021073864586,Miller International Airport,Mcallen
199,MFR,0.3301463953415062,0.3473426551863339,Rogue Valley International-Medford Airport,Central Point
200,MGM,0.3127203110660546,0.3301256047823499,Montgomery Regional Airport,Montgomery
201,MHK,0.3582665253123467,0.36847369996599366,Manhattan Municipal Airport,Manhattan
202,MHT,0.2673943124470335,0.2534520386600085,Manchester-Boston Regional Airport,Manchester
203,MIA,1.526372548032611,1.294725043001787,Miami International Airport,Miami
204,MKE,0.2428406105009459,0.3256833834703238,General Mitchell International Airport,Milwaukee
205,MKG,0.37247183890298824,0.3923649026290779,Muskegon County Airport,Muskegon
206,MLB,0.3625705694657748,0.37609807051283023,Melbourne International Airport,Melbourne
207,MLI,0.29827978844373215,0.3164379365899579,Quad City Airport,Coal Valley
208,MLU,0.3168144475577436,0.3355554235694145,Monroe Regional Airport,Monroe
210,MOB,0.2780255732614558,0.2854427210137974,Mobile Regional Airport,Mobile
211,MOT,0.34904651868800984,0.3620710386462467,Minot International Airport,Minot
212,MQT,0.38285289728131977,0.40139197636257284,Sawyer International Airport,Marquette
213,MRY,0.3211184917111717,0.33612102969306706,Monterey Peninsula Airport,Monterey
214,MSN,0.20103537870419483,0.18322638234730626,Dane County Regional Airport-Truax Field,Madison
215,MSO,0.36225851923649294,0.3579986745559482,Missoula International Airport,Missoula
216,MSP,1.7180238657271045,2.3671595019369382,Minneapolis St Paul International Airport,St. Paul
217,MSY,0.4631949267627165,0.551925832931349,New Orleans International Airport,Kenner
218,MTJ,0.37012724528838403,0.38607536253406144,Montrose Regional Airport,Montrose
219,MVY,0.38103494699661467,0.4039711402864285,Marthas Vineyard Airport,Vineyard Haven
221,OAJ,0.3570183243952193,0.38062291950205074,Albert J Ellis Airport,Richlands
222,OAK,0.5329367473755476,0.6393685396480352,Oakland International Airport,Oakland
223,OGG,0.08776208256265715,0.09905632184521486,Kahului Airport,Kahului
224,OKC,0.0082483106256483,0.0064857808283533816,Will Rogers World Airport,Oklahoma City
225,OMA,0.028911096078095444,0.0041249900513686995,Eppley Airfield,Omaha
226,OME,0.37592688153170356,0.39245539960886233,Nome Airport,Nome
227,ONT,0.001392576459203707,0.037292133142354994,Ontario International Airport,Ontario
228,ORD,8.20348841356605,6.684657286226413,Chicago O'Hare International Airport,Chicago
229,ORF,0.1695183055467275,0.17609974518928395,Norfolk International Airport,Norfolk
230,ORH,0.37716852283440166,0.39245539960886233,Worcester Municipal Airport,Worcester
231,OTH,0.3782845943751665,0.4018218370165488,North Bend Municipal Airport,North Bend
232,OTZ,0.3766840484544055,0.39245539960886233,Ralph Wien Memorial Airport,Kotzebue
233,PAH,0.3753140261264473,0.392387526874024,Barkley Regional Airport,West Paducah
235,PBI,0.24346564804728524,0.14125053866969606,Palm Beach International Airport,West Palm Beach
236,PDX,0.39354212948856937,0.7593449105972169,Portland International Airport,Portland
237,PHF,0.35681778761123634,0.3777043919040035,Newport News-Williamsburg International Airport,Newport News
238,PHL,1.3019156614891707,1.2226894470933964,Philadelphia International Airport,Philadelphia
239,PHX,2.6515638270297885,3.205048413515845,Sky Harbor International Airport,Phoenix
240,PIA,0.27528927695664196,0.2925693581718197,Greater Peoria Regional Airport,Peoria
241,PIB,0.37578912962868727,0.39469519985852647,Pine Belt Regional Airport,Moselle
242,PIH,0.382120094640784,0.39277213903810776,Pocatello Municipal Airport,Pocatello
243,PIT,0.03599628870030598,0.18500582839545832,Pittsburgh International Airport,Coraopolis
244,PLN,0.3711271179449719,0.3904192175637131,Pellston Regional Airport,Pellston
245,PNS,0.25208510945671014,0.25021677163271583,Pensacola Regional Airport,Pensacola
246,PPG,0.3849585335131406,0.4062335647810388,Pago Pago International Airport,Pago Pago
247,PSC,0.3522110641062826,0.3490620978022377,Tri Cities Airport,Pasco
248,PSE,0.3778488485595026,0.39050971454349753,Mercedita Airport,Coto Laurel
249,PSG,0.37395618593957225,0.39243277536391624,Petersburg James A Johnson Airport,Petersburg
250,PSP,0.16833195242279106,0.19030777101543633,Palm Springs International Airport,Palm Springs
251,PUB,0.3864053970386997,0.4028851765290156,Pueblo Memorial Airport,Pueblo
252,PVD,0.17617350292918915,0.13383765562996444,Theodore Francis Green State Airport,Warwick
253,PWM,0.2708053119502946,0.2921621217627899,Jetport International Airport,Portland
254,RAP,0.3242624211983807,0.32965049563848176,Rapid City Regional Airport,Rapid City
255,RDD,0.374750836373299,0.3910074479323118,Redding Municipal Airport,Redding
256,RDM,0.34691464399847166,0.35564575308155355,Roberts Field Airport,Redmond
257,RDU,0.34998535258992103,0.380682922934299,Durham International Airport,Raleigh/Durham
258,RHI,0.37082256441789496,0.38528351396094784,Rhinelander-Oneida County Airport,Rhinelander
259,RIC,0.01902844034713317,0.024200564621151652,Richmond International Airport,Richmond
260,RKS,0.37667655175220055,0.3919576662200481,Rock Springs-Sweetwater County Airport,Rock Springs
261,RNO,0.11389090101030266,0.08861178998270552,Reno-Tahoe International Airport,Reno
262,ROA,0.3288738301422126,0.35218424360479983,Roanoke Regional Airport-Woodrum Field,Roanoke
263,ROC,0.2212268090055045,0.22367853231093757,Greater Rochester International Airport,Rochester
264,ROW,0.36674154715506474,0.3847405320822414,Roswell Industrial Air Center,Roswell
265,RST,0.3401348139418524,0.3582022927604631,Rochester International Airport,Rochester
266,RSW,0.22864279361250933,0.24986953865593425,Southwest Florida International Airport,Fort Myers
268,SAN,1.0584705653483186,1.3199963246065833,San Diego International Airport,San Diego
269,SAT,0.1951184784396614,0.32443904999828815,San Antonio International Airport,San Antonio
270,SAV,0.19571365722644213,0.2232712959019077,Savannah International Airport,Savannah
271,SBA,0.2472085046723775,0.2599451969595399,Santa Barbara Municipal Airport,Goleta
272,SBN,0.25601244432433856,0.2987005285522135,South Bend Regional Airport,South Bend
273,SBP,0.31866707009014666,0.3323201565421218,San Luis Obispo County Airport,San Luis Obispo
274,SCC,0.3782105644408924,0.3876816839252347,Deadhorse Airport,Prudhoe Bay
275,SCE,0.3672025943406703,0.3868445868622289,University Park Airport,State College
276,SDF,0.163189214710182,0.15892794327519214,Louisville International Airport,Louisville
277,SEA,1.6178491825131998,2.3351688195831493,Tacoma International Airport,Seattle
278,SFO,3.413186602104785,3.2602968196742275,San Francisco International Airport,San Francisco
279,SGF,0.2163295882901082,0.25575971164451095,Springfield Regional Airport,Springfield
280,SGU,0.3626043046256972,0.36406197220150366,St George Municipal Airport,St. George
281,SHV,0.21410306773523227,0.2582936270784744,Shreveport Regional Airport,Shreveport
282,SIT,0.3706004746150728,0.37639218569712957,Sitka Airport,Sitka
283,SJC,0.36287312076803924,0.5341431764037123,Norman Y Mineta San Jose International Airport,San Jose
284,SJT,0.3520030306200947,0.3686546939255625,Mathis Field Airport,San Angelo
285,SJU,0.20323084731321403,0.19122749575563652,Luis Munoz Marin Airport,Carolina
286,SLC,1.1075196136998826,1.9887011324785353,Salt Lake City International Airport,Salt Lake City
287,SMF,0.3687411644189791,0.5148899439545791,Sacramento International Airport,Sacramento
288,SMX,0.37244560044527086,0.39243277536391624,Santa Maria Public Airport,Santa Maria
289,SNA,0.262818384789414,0.5126048952150228,John Wayne Airport,Santa Ana
290,SPI,0.3474347277139414,0.3695596637234066,Capital Airport,Springfield
292,SRQ,0.30886606904492464,0.3257138770178599,Sarasota Bradenton Airport,Sarasota
293,STC,0.38750085264840084,0.40698016486426014,St Cloud Regional Airport,St. Cloud
294,STL,0.6710428695710468,0.7512454309065122,Lambert St Louis International Airport,St. Louis
295,STT,0.2699169527390057,0.3051258141169066,Cyril E King International Airport,Charlotte Amalie
296,STX,0.36795601291226976,0.38607536253406144,Henry E Rohlson International Airport,Frederiksted
297,SUN,0.3738671626008882,0.3858264958396543,Friedman Memorial Airport,Hailey
298,SUX,0.3735794766537725,0.39354136336627527,Sioux Gateway Airport,Sioux City
299,SWF,0.37093595203874513,0.39173142377058706,Stewart International Airport,New Windsor
300,SYR,0.26543861025931204,0.2675016947715381,Hancock International Airport,Syracuse
301,TLH,0.3241696495085942,0.3302839744969726,Tallahassee Regional Airport,Tallahassee
302,TOL,0.37487265778412976,0.385102520001379,Toledo Express Airport,Swanton
303,TPA,1.1340120222044692,1.153323512088646,Tampa International Airport,Tampa
304,TRI,0.35087852528934926,0.3616411779922707,Tri-Cities Regional Airport,Blountville
306,TUL,0.08497237225463287,0.06295589621382526,Tulsa International Airport,Tulsa
307,TUS,0.10412925765165677,0.0371868812202145,Tucson International Airport,Tucson
308,TVC,0.33668351966423954,0.3417997151745388,Cherry Capital Airport,Traverse City
309,TWF,0.38206855481312485,0.38845090825340217,Twin Falls-Sun Valley Regional Airport,Twin Falls
310,TXK,0.37083193529565117,0.3847405320822414,Texarkana Regional Airport,Texarkana
311,TYR,0.33360424923354837,0.3516865102159856,Tyler Pounds Field Airport,Tyler
312,TYS,0.1931291691412789,0.23709470956397635,Mcghee Tyson Airport,Knoxville
314,VEL,0.3883348607687037,0.40419738273588957,Vernal Airport,Vernal
315,VLD,0.37055455731406733,0.3857133746149238,Valdosta Regional Airport,Valdosta
316,VPS,0.2665856056966724,0.2893340911445271,Eglin Air Force Base,Eglin Village
318,WYS,0.388974891719453,0.40415213424599733,Yellowstone Airport,West Yellowstone
319,XNA,0.09873538041518123,0.17754769686583452,Northwest Arkansas Regional Airport,Bentonville
320,YAK,0.3824715025566419,0.3924780238538084,Yakutat Airport,Yakutat
321,YUM,0.3631956070121142,0.3623877780754921,Yuma International Airport,Yuma
