,code,Total_delay,count,name,city
0,ABE,0.3422435116213556,0.36415038024762175,Lehigh Valley International Airport,Allentown
1,ABI,0.39793861737309466,0.4152813902886187,Abilene Regional Airport,Abilene
2,ABQ,0.016174818662950077,0.020212167152952286,Albuquerque International Airport,Albuquerque
3,ABR,0.388106619535978,0.4018039229680298,Aberdeen Regional Airport,Aberdeen
4,ABY,0.38005745936213814,0.39580621843876435,Southwest Georgia Regional Airport,Albany
5,ACK,0.3804963267474513,0.40483751097317955,Nantucket Memorial Airport,Nantucket
6,ACT,0.3681728523732226,0.38614968257504345,Waco Regional Airport,Waco
7,ACV,0.3570604173985552,0.38619599689573275,Arcata Airport,Mckinleyville
8,ACY,0.2933532939242945,0.3334902999512993,Atlantic City International Airport,Egg Harbor City
9,ADK,0.40094911079573303,0.416601348428264,Adak Airport,Adak
10,ADQ,0.397105844517222,0.40645851219730533,Kodiak Airport,Kodiak
11,AEX,0.3307821330908824,0.3527802145183964,Alexandria International Airport,Alexandria
12,AGS,0.334834570016291,0.35785163263387576,Bush Field Airport,Augusta
13,AKN,0.40156098380955496,0.4175507920023948,King Salmon Airport,King Salmon
14,ALB,0.2399444037944876,0.2025134010419339,Albany International Airport,Latham
15,AMA,0.36009045947978213,0.34780142504429573,Amarillo International Airport,Amarillo
16,ANC,0.22258617240077505,0.019456048517440733,Anchorage International Airport,Anchorage
17,APN,0.3833123110171335,0.40414279616283993,Alpena County Regional Airport,Alpena
18,ASE,0.26089470120384817,0.3123014982359405,Aspen Pitkin County Airport-Sardy Field,Aspen
19,ATL,7.012511166701548,8.482023814372434,Hartsfield-Jackson Atlanta International Airport,Atlanta
20,ATW,0.3417401336627001,0.34073849113917615,Outagamie County Airport,Appleton
21,AUS,0.536739440855903,0.6523794874016732,Austin-Bergstrom International Airport,Austin
22,AVL,0.30370137634814914,0.34036797657366163,Asheville Regional Airport,Fletcher
23,AVP,0.3660117481662572,0.3803835496492245,Wilkes Barre Scranton International Airport,Pittston
24,AZO,0.3537850396520419,0.3708891139079162,Kalamazoo-Battle Creek International Airport,Kalamazoo
25,BDL,0.04321452322264735,0.05147433361823575,Bradley International Airport,Windsor Locks
26,BET,0.3973326089568493,0.396361990287036,Bethel Airport,Bethel
27,BFL,0.3496856859460207,0.4189865359437634,Kern County-Meadows Field Airport,Bakersfield
28,BGM,0.3782022916620837,0.3587316047269726,Greater Binghamton Edwin A Link Field Airport,Johnson City
29,BGR,0.385845817170211,0.39870086348184614,Bangor International Airport,Bangor
30,BHM,0.14832081842283265,0.4049069824542135,Birmingham International Airport,Birmingham
31,BIL,0.36154683454462994,0.1341766208648587,Logan International Airport,Billings
32,BIS,0.3474473645376305,0.3399974620081472,Bismarck Municipal Airport,Bismarck
33,BJI,0.3874126421560841,0.3638956514838305,Bemidji-Beltrami County Airport,Bemidji
34,BLI,0.3931433314213207,0.40210496605251034,Bellingham International Airport,Bellingham
35,BMI,0.37109635426514187,0.40497645393524745,Bloomington Normal Airport,Bloomington
36,BNA,0.7029499556392822,0.3838802808612673,Nashville International Airport,Nashville
37,BOI,0.10481332386813179,0.7774513104231517,Boise Air Terminal,Boise
38,BOS,2.3241505128094397,0.07846049307562018,Gen E L Logan International Airport,Boston
39,BPT,0.37969678661117917,2.3890275702886865,Jefferson County Airport,Beaumont
40,BQK,0.3773265117573162,0.4063890407162714,Glynco Jetport Airport,Brunswick
41,BQN,0.35370782245061705,0.3951115036284247,Rafael Hernandez Airport,Aguadilla
42,BRD,0.38945645441151816,0.375659488938915,Brainerd-Crow Wing County Regional Airport,Brainerd
43,BRO,0.3622222406988647,0.40418911048352923,Brownsville-South Padre Island International Air,Brownsville
44,BRW,0.39384024110000293,0.37169961451997907,Wiley Post Will Rogers Memorial Airport,Barrow
45,BTM,0.39085125120181197,0.3972419623801329,Bert Mooney Airport,Butte
46,BTR,0.18893706637228538,0.403332295550777,Baton Rouge Metropolitan Airport,Baton Rouge
47,BTV,0.28790899250738033,0.2592021295656479,Burlington International Airport,South Burlington
48,BUF,0.0387857746194089,0.3253158223496363,Greater Buffalo International Airport,Buffalo
49,BUR,0.023745497040749887,0.001694506533090794,Burbank Glendale Pasadena Airport,Burbank
50,BWI,1.546335778259701,0.1026053436592327,Baltimore-Washington International Thurgood Mars,Baltimore
51,BZN,0.3250709924842344,1.8091259609378507,Gallatin Field Airport,Bozeman
52,CAE,0.28040035274351416,0.3205686044789821,Columbia Metropolitan Airport,West Columbia
53,CAK,0.28408918461917554,0.31633084413591034,Akron Canton Regional Airport,Canton
54,CDC,0.3944354977540246,0.2958599143912359,Cedar City Municipal Airport,Cedar City
55,CDV,0.3951304525668479,0.4045133107283544,Merle K Mudhole Smith Airport,Cordova
56,CHA,0.26589915780251977,0.40224390901457824,Chattanooga Metropolitan Airport,Chattanooga
57,CHO,0.3218923805977344,0.31264885564111033,Charlottesville Albemarle Airport,Earlysville
59,CID,0.29991089144782723,0.07913205072561516,Cedar Rapids Municipal Airport,Cedar Rapids
60,CIU,0.37933220412850255,0.315821386608328,Chippewa County International Airport,Kincheloe
61,CLE,0.3805710719894675,0.4031238811076751,Hopkins International Airport,Cleveland
62,CLL,0.3840747087020874,0.37090420341239877,Easterwood Field Airport,College Station
63,CLT,1.8820751926218673,0.3927494732732699,Douglas International Airport,Charlotte
64,CMH,0.01802360467187815,2.1439321852008644,Port Columbus International Airport,Columbus
65,CMX,0.3735174556313351,0.11689331159188447,Houghton County Memorial Airport,Hancock
66,COD,0.3829995324797165,0.4019660230904424,Yellowstone Regional Airport,Cody/Yellowstone
67,COS,0.1898226206063472,0.3976819484266813,City of Colorado Springs Municipal Airport,Colorado Springs
68,CPR,0.3790389742496741,0.2270599910072676,Natrona County International Airport,Casper
69,CRP,0.3607267683168398,0.38485288159574277,Corpus Christi International Airport,Corpus Christi
70,CRW,0.32601421526113245,0.3502560840408291,Yeager Airport,Charleston
71,CSG,0.37699711686009896,0.35991261990455,Columbus Metropolitan Airport,Columbus
72,CVG,0.0441782720910634,0.39041060007845985,Greater Cincinnati International Airport,Hebron
73,CWA,0.38580378755424555,0.05928636431024633,Central Wisconsin Airport,Mosinee
74,DAB,0.3571571832585686,0.4003450218663166,Daytona Beach International Airport,Daytona Beach
75,DAL,1.1542072807659014,0.37318167278203696,Dallas Love Field Airport,Dallas
76,DAY,0.2600140341344335,1.1779775557442946,James M Cox Dayton International Airport,Dayton
77,DCA,1.2819343062518398,0.26853446518454366,Washington National Airport,Arlington
78,DEN,4.536350026160685,1.3826636960306948,Denver International Airport,Denver
79,DFW,4.788433888391894,4.817657918594663,Fort Worth International Airport,Dallas
80,DHN,0.3629230601092646,4.1209284353050455,Dothan Airport,Dothan
81,DLG,0.4013801587176108,0.3871222833095189,Dillingham Municipal Airport,Dillingham
82,DLH,0.33372322877553134,0.4170644916351571,Duluth International Airport,Duluth
83,DRO,0.35889408157416225,0.3616262497700544,Durango la Plata County Airport,Durango
84,DSM,0.2336350742350296,0.3735753445078961,Des Moines International Airport,Des Moines
85,DTW,2.307435432283291,0.2386848855002841,Detroit Metropolitan Wayne County Airport,Detroit
86,DVL,0.3888631526233553,2.451528746058909,Devils Lake Municipal Airport,Devils Lake
87,EAU,0.3864009990741261,0.40513855405766,Eau Claire County Airport,Eau Claire
90,EGE,0.35460706074569087,0.4189865359437634,Eagle County Regional Airport,Gypsum
91,EKO,0.39437587434532945,0.3791099058302685,Elko Municipal Airport-J C Harris Field,Elko
92,ELM,0.3700426815672184,0.40421226764387386,Elmira Corning Regional Airport,Horseheads
93,ELP,0.17820583024009495,0.3764005180699439,El Paso International Airport,El Paso
94,ERI,0.3809381264315528,0.1562453946733144,Erie International Airport,Erie
95,ESC,0.386110701494086,0.4189865359437634,Delta County Airport,Escanaba
96,EUG,0.29566199050360353,0.4017112943266512,Mahlon Sweet Field Airport,Eugene
97,EVV,0.326570374597977,0.4044901535680097,Evansville Regional Airport,Evansville
98,EWN,0.38410891885461734,0.3370796598047207,Craven County Regional Airport,New Bern
99,EWR,2.982463319974377,0.35555907375975493,Newark International Airport,Newark
100,EYW,0.36314786968303303,0.40275336654216065,Key West International Airport,Key West
101,FAI,0.3710513923503882,2.2621958030810143,Fairbanks International Airport,Fairbanks
102,FAR,0.30752118423635394,0.3785078196613075,Hector International Airport,Fargo
103,FAT,0.19052637231553538,0.36151046396833114,Fresno Yosemite International Airport,Fresno
104,FAY,0.3642856016128873,0.3269368235737621,Fayetteville Regional Airport,Fayetteville
105,FCA,0.36572438288500536,0.22645790483830658,Glacier Park International Airport,Kalispell
106,FLG,0.37339918624687435,0.3796193633578509,Flagstaff Pulliam Airport,Flagstaff
107,FLL,1.8387768687140642,0.36410406592693245,Fort Lauderdale Hollywood International Airport,Dania Beach
108,FNT,0.34859096106506127,0.376261575107876,Bishop International Airport,Flint
109,FSD,0.30347363447559245,1.5101438637280176,Sioux Falls Regional Airport,Sioux Falls
110,FSM,0.3761653214371557,0.32925253960822753,Smith Field Airport,Fort Smith
111,FWA,0.29518793553283096,0.32105490484621985,Fort Wayne Municipal Airport-Baer Field,Fort Wayne
112,GCC,0.3869141513620758,0.39228633006637686,Gillette Campbell County Airport,Gillette
113,GCK,0.38066542264424236,0.3220738199013847,Garden City Regional Airport,Pierceville
114,GEG,0.2535942546539502,0.3949262463456675,Spokane International Airport,Spokane
115,GFK,0.3705147816721322,0.4091215856369406,Grand Forks Mark Andrews International Airport,Grand Forks
116,GGG,0.38859044883604493,0.1864654889230884,Gregg County Airport,Longview
117,GJT,0.36838495531890847,0.3830003087681704,Walker Field Airport,Grand Junction
118,GNV,0.3439931165650318,0.41016365785245007,Gainesville Regional Airport,Gainesville
119,GPT,0.3362713964225503,0.35139078489771713,Gulfport Biloxi Regional Airport,Gulfport
120,GRB,0.3333938338783141,0.3660492673958834,Austin Straubel International Airport,Green Bay
123,GRR,0.2152642223264296,0.41159940179381865,Gerald R. Ford International Airport,Grand Rapids
124,GSO,0.25590588353204746,0.374316373638925,Triad International Airport,Greensboro
125,GSP,0.2431200833821993,0.2056164605281176,Greenville Spartanburg International Airport,Greer
126,GST,0.40126677649779713,0.2779362722844733,Gustavus Airport,Gustavus
127,GTF,0.37021666462865666,0.2532738965174164,Great Falls International Airport,Great Falls
128,GTR,0.37595126362561093,0.4170644916351571,Golden Triangle Regional Airport,Columbus
129,GUC,0.3928325077497626,0.37665524683373514,Gunnison County Airport,Gunnison
130,GUM,0.39551067397639544,0.3955514896749731,Antonio B Won Pat International Airport,Hagåtña
131,HDN,0.3786655948706326,0.4134056603007017,Yampa Valley Airport,Hayden
132,HIB,0.3710553020821059,0.4105110152576199,Chisholm Hibbing Airport,Hibbing
133,HLN,0.38711061538089087,0.39527360375083725,Helena Regional Airport,Helena
134,HNL,0.06986664724874134,0.3960609472025555,Honolulu International Airport,Honolulu
135,HOB,0.39006734999241066,0.3801751352061226,Lea County Regional Airport,Hobbs
136,HOU,0.728915461409538,0.6761618910756333,William P Hobby Airport,Houston
137,HPN,0.18563529793667746,0.40462909653007767,Westchester County Airport,Purchase
138,HRL,0.35729891103333566,0.8361547118968506,Grande Valley International Airport,Harlingen
139,HSV,0.33416796075842115,0.2539454541674114,Huntsville International Airport,Huntsville
140,HYA,0.39925130979731654,0.3501171410787612,Barnstable Boardman Polando Airport,Hyannis
141,HYS,0.391474853410787,0.3247832076617092,Hays Municipal Airport,Hays
142,IAD,0.36216698736126696,0.4162076767024049,Dulles International Airport,Washington
144,IAH,2.5129211570369474,0.37852290916579007,George Bush Intercontinental Airport,Houston
145,ICT,0.23989259984922792,0.4097931432869356,Wichita Mid-Continent Airport,Wichita
146,IDA,0.36169344948404414,2.7556517328652554,Fanning Field Airport,Idaho Falls
147,ILM,0.3402818037319935,0.23692494131409036,Wilmington International Airport,Wilmington
148,IMT,0.38813985225557857,0.36151046396833114,Ford Airport,Kingsford
149,IND,0.12849796152048223,0.35921790509421037,Indianapolis International Airport,Indianapolis
150,INL,0.38373749434143467,0.403332295550777,Falls International Airport,International Falls
151,ISN,0.3676186479022369,0.20262111918779513,Sloulin Field International Airport,Williston
152,ISP,0.3247494170504525,0.4044669964076651,Long Island Macarthur Airport,Ronkonkoma
153,ITH,0.37556908735020456,0.3809393214974962,Tompkins County Airport,Ithaca
154,ITO,0.3566274146108186,0.31003209652216435,Hilo International Airport,Hilo
155,JAC,0.28266017767635176,0.3980987773128851,Jackson Hole Airport,Jackson
156,JAN,0.2948556083368254,0.2806688172051426,Jackson International Airport,Pearl
157,JAX,0.029461064472665412,0.32797889578927153,Jacksonville International Airport,Jacksonville
158,JFK,2.4796366334911344,0.2985693021515604,John F Kennedy International Airport,Jamaica
159,JLN,0.3926340888650887,0.012917661644386144,Joplin Regional Airport,Webb City
160,JMS,0.38054324352806385,1.8446258877462058,Jamestown Municipal Airport,Jamestown
161,JNU,0.3443606313464967,0.40891317119383874,Juneau International Airport,Juneau
162,KOA,0.25740037848114294,0.39726511954047755,Kailua-Kona International Airport,Kailua Kona
163,KTN,0.36777699203680425,0.3129498987255908,Ketchikan International Airport,Ketchikan
164,LAN,0.34250448621351287,0.13195353347177188,Lansing Capital City Airport,Lansing
165,LAR,0.3896529184303332,0.36169572125108834,General Brees Field,Laramie
166,LAS,3.126817457022816,0.3626451648252192,Mccarran International Airport,Las Vegas
167,LAW,0.3703965122876714,0.4045133107283544,Lawton Municipal Airport,Lawton
168,LAX,5.241137814254066,3.0704501705904876,Los Angeles International Airport,Los Angeles
169,LBB,0.3256818880651269,0.392610530311202,Lubbock International Airport,Lubbock
170,LBE,0.3761223143882608,4.513071788581423,Westmoreland County Airport,Latrobe
171,LCH,0.37508623548306713,0.3130425273669694,Lake Charles Regional Airport,Lake Charles
172,LEX,0.2667289983596042,0.3947873033835995,Blue Grass Field,Lexington
173,LFT,0.3257376017421043,0.38973904242846485,Lafayette Regional Airport,Lafayette
174,LGA,2.5347697153084523,0.2992871741222447,LaGuardia Airport,Flushing
175,LGB,0.13978196435134932,0.3473382818374026,Long Beach Daugherty Field Airport,Long Beach
176,LIH,0.2864682563694034,1.8172541242188245,Lihue Airport,Lihue
177,LIT,0.26178514260255714,0.16050631217673078,Adams Field Airport,Little Rock
178,LNK,0.3387071592826849,0.14512995770788026,Lincoln Municipal Airport,Lincoln
179,LRD,0.35079409488799207,0.22465164633142354,Laredo International Airport,Laredo
180,LSE,0.39145725961805733,0.34828772541153347,La Crosse Municipal Airport,La Crosse
181,LWS,0.39486263594418464,0.36984704169240673,Lewiston Nez Perce County Airport,Lewiston
182,MAF,0.30551451443223815,0.4015028798835493,Midland International Airport,Midland
183,MBS,0.35488465169764843,0.4024523234576801,MBS International Airport,Freeland
184,MCI,0.4032983424645283,0.2834708336068458,Kansas City International Airport,Kansas City
185,MCO,2.677552140206371,0.3728111582165225,Orlando International Airport,Orlando
186,MDT,0.3442580008889068,0.5904340834797227,Harrisburg International Airport,Middletown
187,MDW,1.2793353120924906,2.4921927196241223,Chicago Midway International Airport,Chicago
188,MEI,0.35981189109489514,0.35998209138558396,Key Field Airport,Meridian
189,MEM,0.1270753362687848,1.6143973995996517,Memphis International Airport,Memphis
190,MFE,0.35194160114714057,0.39603779004221085,Miller International Airport,Mcallen
191,MFR,0.3194781212620471,0.09184533175483044,Rogue Valley International-Medford Airport,Central Point
192,MGM,0.33474366875385425,0.3675313256579413,Montgomery Regional Airport,Montgomery
193,MHT,0.2884719938747309,0.35032555552186306,Manchester-Boston Regional Airport,Manchester
194,MIA,1.6660586054865532,0.36229780742004936,Miami International Airport,Miami
195,MKE,0.2434880585030439,0.4189865359437634,General Mitchell International Airport,Milwaukee
196,MKG,0.3828128427901958,0.2635788328707876,Muskegon County Airport,Muskegon
197,MLB,0.3753999914534135,1.1940717821838294,Melbourne International Airport,Melbourne
198,MLI,0.3369516897414322,0.3353348051230096,Quad City Airport,Coal Valley
199,MLU,0.32413949890248944,0.4031933525887091,Monroe Regional Airport,Monroe
201,MOB,0.2908158780394993,0.3604915489131663,Mobile Regional Airport,Mobile
202,MOT,0.3627324606880261,0.34784773936498503,Minot International Airport,Minot
203,MQT,0.3742945148102304,0.4163003053437835,Sawyer International Airport,Marquette
204,MRY,0.34470371030472596,0.3053775072928888,Monterey Peninsula Airport,Monterey
205,MSN,0.25662722903396534,0.38086985001646223,Dane County Regional Airport-Truax Field,Madison
206,MSO,0.35713470230119176,0.40286915234388393,Missoula International Airport,Missoula
207,MSP,2.224446489410203,0.36009787718730724,Minneapolis St Paul International Airport,St. Paul
208,MSY,0.4666936648343014,0.244589961388171,New Orleans International Airport,Kenner
209,MTJ,0.37394948098614234,0.3569021890597449,Montrose Regional Airport,Montrose
210,MVY,0.39128718628833686,2.573682766876961,Marthas Vineyard Airport,Vineyard Haven
212,OAJ,0.366938354583355,0.3935368167249882,Albert J Ellis Airport,Richlands
213,OAK,0.551639428432104,0.41326671733863374,Oakland International Airport,Oakland
214,OGG,0.09640642324212123,0.28576339248096655,Kahului Airport,Kahului
215,OKC,0.12720631228132817,0.3896232566267416,Will Rogers World Airport,Oklahoma City
216,OMA,0.06079854162305777,0.711499717761576,Eppley Airfield,Omaha
217,OME,0.39444136235160115,0.12103844329357762,Nome Airport,Nome
218,ONT,0.0022312208311093223,0.05555806149475697,Ontario International Airport,Ontario
219,ORD,6.659689157031767,0.002944993191702133,Chicago O'Hare International Airport,Chicago
220,ORF,0.13515479686343698,0.40224390901457824,Norfolk International Airport,Norfolk
221,ORH,0.379006718963003,0.035843250385594015,Worcester Municipal Airport,Worcester
222,OTH,0.3891309692460186,5.233236318139832,North Bend Municipal Airport,North Bend
223,OTZ,0.3957657839709761,0.16228941352326917,Ralph Wien Memorial Airport,Kotzebue
224,PAH,0.3827551742473595,0.4023133804956122,Barkley Regional Airport,West Paducah
226,PBI,0.2814603503783938,0.4022207518542336,Palm Beach International Airport,West Palm Beach
227,PDX,0.5667290379966141,0.4031701954283644,Portland International Airport,Portland
229,PHF,0.38149526320132676,0.14336194586582449,Newport News-Williamsburg International Airport,Newport News
230,PHL,1.2281598562064269,0.939597747156422,Philadelphia International Airport,Philadelphia
231,PHX,2.594233802436066,0.41708764879550175,Sky Harbor International Airport,Phoenix
232,PIA,0.3232774030587339,0.3929115733956825,Greater Peoria Regional Airport,Peoria
233,PIB,0.38205924200160674,1.2752607863521876,Pine Belt Regional Airport,Moselle
234,PIH,0.39010644730958777,3.2658966038993706,Pocatello Municipal Airport,Pocatello
235,PIT,0.006399972275119908,0.3506497557666882,Pittsburgh International Airport,Coraopolis
236,PLN,0.3670879018215575,0.4044901535680097,Pellston Regional Airport,Pellston
237,PNS,0.2977595615701561,0.3975661626249581,Pensacola Regional Airport,Pensacola
238,PPG,0.3883812781891473,0.16684330645530407,Pago Pago International Airport,Pago Pago
239,PSC,0.3219500491405706,0.3935136595646435,Tri Cities Airport,Pasco
240,PSE,0.3863853601472553,0.28062250288445323,Mercedita Airport,Coto Laurel
241,PSG,0.39368287439836497,0.4162076767024049,Petersburg James A Johnson Airport,Petersburg
242,PSP,0.11571365589711329,0.330827226511664,Palm Springs International Airport,Palm Springs
243,PVD,0.1943168572158573,0.3990250637266713,Theodore Francis Green State Airport,Warwick
244,PWM,0.2329019995379586,0.40215128037319964,Jetport International Airport,Portland
245,RAP,0.3390258024176785,0.18602550287653996,Rapid City Regional Airport,Rapid City
246,RDD,0.3748105993969684,0.12521479981147746,Redding Municipal Airport,Redding
247,RDM,0.32102930732104945,0.27152173886900405,Roberts Field Airport,Redmond
248,RDU,0.36568183617549016,0.3494455834287662,Durham International Airport,Raleigh/Durham
249,RHI,0.379244235164854,0.3960609472025555,Rhinelander-Oneida County Airport,Rhinelander
250,RIC,0.026703209085199135,0.3544706872235562,Richmond International Airport,Richmond
251,RKS,0.3939555781856754,0.39068041834673367,Rock Springs-Sweetwater County Airport,Rock Springs
252,RNO,0.09776310014816735,0.3948799320249782,Reno-Tahoe International Airport,Reno
253,ROA,0.35146168157879143,0.05016244313445249,Roanoke Regional Airport-Woodrum Field,Roanoke
254,ROC,0.24815288553582426,0.4037259672766361,Greater Rochester International Airport,Rochester
255,ROW,0.3943924907051297,0.09059484509621911,Roswell Industrial Air Center,Roswell
256,RST,0.37205423853598135,0.36773974010104316,Rochester International Airport,Rochester
257,RSW,0.2752986131912794,0.24801722111917984,Southwest Florida International Airport,Fort Myers
259,SAN,1.0772148889148547,0.39096637192673156,San Diego International Airport,San Diego
260,SAT,0.1721755294049036,0.25833724697703364,San Antonio International Airport,San Antonio
261,SAV,0.21693563263575155,0.3909432147663869,Savannah International Airport,Savannah
262,SBA,0.21749472427138442,1.3914865741220084,Santa Barbara Municipal Airport,Goleta
263,SBN,0.26854115901076375,0.29543501784917003,South Bend Regional Airport,South Bend
264,SBP,0.3214525357794918,0.2493603364191698,San Luis Obispo County Airport,San Luis Obispo
265,SCC,0.39697193620589033,0.28046040276204065,Deadhorse Airport,Prudhoe Bay
266,SCE,0.3839329809273203,0.2959525430326145,University Park Airport,State College
267,SDF,0.1882743668461332,0.3450688801236265,Louisville International Airport,Louisville
268,SEA,1.7934796944655804,0.3996966213766663,Tacoma International Airport,Seattle
269,SFO,4.303737605316612,0.4017344514869959,San Francisco International Airport,San Francisco
270,SGF,0.3404636062568671,0.18873489063686452,Springfield Regional Airport,Springfield
271,SGU,0.3777213946608051,2.6522086976056842,St George Municipal Airport,St. George
272,SHV,0.2508623296161988,3.572312149579838,Shreveport Regional Airport,Shreveport
273,SIT,0.3834657679870537,0.3541696441390757,Sitka Airport,Sitka
274,SJC,0.39899079554453887,0.3708659567475715,Norman Y Mineta San Jose International Airport,San Jose
275,SJT,0.3687338988747143,0.2813403748551375,Mathis Field Airport,San Angelo
276,SJU,0.18458501787692197,0.3872843834319315,Luis Munoz Marin Airport,Carolina
277,SLC,1.3271562181647574,0.5553046712368819,Salt Lake City International Airport,Salt Lake City
278,SMF,0.43061172824446536,0.3956209611560071,Sacramento International Airport,Sacramento
279,SMX,0.38288224052818515,0.20326951967744544,Santa Maria Public Airport,Santa Maria
280,SNA,0.3447374033637062,2.100929338440841,John Wayne Airport,Santa Ana
281,SPI,0.35690109583105845,0.5364778998766778,Capital Airport,Springfield
282,SPN,0.40246217697048764,0.40611115479213555,Saipan International Airport,Saipan
284,SRQ,0.314990726683043,0.37876254842509866,Sarasota Bradenton Airport,Sarasota
285,STL,0.7785768736879178,0.4189865359437634,Lambert St Louis International Airport,St. Louis
286,STT,0.2833199449037157,0.39939557829218575,Cyril E King International Airport,Charlotte Amalie
287,STX,0.3789060433712719,0.3430310500132969,Henry E Rohlson International Airport,Frederiksted
288,SUN,0.3731616700450233,0.867833707248338,Friedman Memorial Airport,Hailey
289,SWF,0.3819214239585574,0.30308494841876804,Stewart International Airport,New Windsor
290,SYR,0.2537770346117532,0.39325893080085234,Hancock International Airport,Syracuse
291,TLH,0.3528007646921078,0.3899706140319114,Tallahassee Regional Airport,Tallahassee
292,TPA,1.0487315159183923,0.4019660230904424,Tampa International Airport,Tampa
293,TRI,0.34697037726806956,0.2828224331171954,Tri-Cities Regional Airport,Blountville
295,TUL,0.1715807898444317,1.1548898668806742,Tulsa International Airport,Tulsa
296,TUS,0.07217879322038842,0.36896706959930986,Tucson International Airport,Tucson
297,TVC,0.34655887800478036,0.3701712419372319,Cherry Capital Airport,Traverse City
298,TWF,0.38528672553457816,0.09504101988239275,Twin Falls-Sun Valley Regional Airport,Twin Falls
299,TXK,0.37443526515206804,0.046573083281031054,Texarkana Regional Airport,Texarkana
300,TYR,0.3983725975937607,0.367485011337252,Tyler Pounds Field Airport,Tyler
301,TYS,0.22928256540028655,0.3936294453663668,Mcghee Tyson Airport,Knoxville
303,VLD,0.3775992155446266,0.4094226287214211,Valdosta Regional Airport,Valdosta
304,VPS,0.3181595642402487,0.2518844668967371,Eglin Air Force Base,Eglin Village
306,WYS,0.3991623634007386,0.39520413226980333,Yellowstone Airport,West Yellowstone
307,XNA,0.24604749500583628,0.32151804805311296,Northwest Arkansas Regional Airport,Bentonville
308,YAK,0.3972114072736002,0.40215128037319964,Yakutat Airport,Yakutat
309,YUM,0.3781006386374232,0.41382248918690545,Yuma International Airport,Yuma
