,code,Total_delay,count,name,city
0,ABE,0.34820364454173225,0.3671316369372949,Lehigh Valley International Airport,Allentown
1,ABI,0.405068800191031,0.41631260343758175,Abilene Regional Airport,Abilene
2,ABQ,0.056369236760964246,0.029929582107483026,Albuquerque International Airport,Albuquerque
3,ABR,0.3894480194233744,0.4002161611574306,Aberdeen Regional Airport,Aberdeen
4,ABY,0.3865300665170384,0.402726830725909,Southwest Georgia Regional Airport,Albany
5,ACK,0.3675517306177695,0.40169440585662813,Nantucket Memorial Airport,Nantucket
6,ACT,0.39950205760527596,0.40934373556993614,Waco Regional Airport,Waco
7,ACV,0.3625857156491823,0.3890941296110871,Arcata Airport,Mckinleyville
8,ACY,0.3349503825381696,0.33491528817541805,Atlantic City International Airport,Egg Harbor City
9,ADK,0.40509580964978736,0.41485782293995876,Adak Airport,Adak
10,ADQ,0.3985502070242752,0.402726830725909,Kodiak Airport,Kodiak
11,AEX,0.35831542708373365,0.37393625539391856,Alexandria International Airport,Alexandria
12,AGS,0.3346597980163768,0.3672489579451677,Bush Field Airport,Augusta
13,AKN,0.40659623165173675,0.4158198552045159,King Salmon Airport,King Salmon
14,ALB,0.20630433048152177,0.19666421249808488,Albany International Airport,Latham
15,ALO,0.39144299392875964,0.40619953255894453,Waterloo Municipal Airport,Waterloo
16,AMA,0.3602368240980238,0.3458965345123141,Amarillo International Airport,Amarillo
17,ANC,0.21255562314265405,0.012611015347202138,Anchorage International Airport,Anchorage
18,APN,0.3870805006592805,0.40267990232275985,Alpena County Regional Airport,Alpena
19,ASE,0.17587398406954688,0.2943926120561454,Aspen Pitkin County Airport-Sardy Field,Aspen
20,ATL,7.3478128577810295,8.139040325269049,Hartsfield-Jackson Atlanta International Airport,Atlanta
21,ATW,0.3458445080234593,0.35396821985396426,Outagamie County Airport,Appleton
22,AUS,0.6922053635573391,0.8056091577594313,Austin-Bergstrom International Airport,Austin
23,AVL,0.2589439028764169,0.3327565816305581,Asheville Regional Airport,Fletcher
24,AVP,0.3426741563818481,0.3763061397529495,Wilkes Barre Scranton International Airport,Pittston
25,AZO,0.3407965333179562,0.3619695125908907,Kalamazoo-Battle Creek International Airport,Kalamazoo
26,BDL,0.013521990206227784,0.10386528126893528,Bradley International Airport,Windsor Locks
27,BET,0.39791408770253006,0.39477246639213165,Bethel Airport,Bethel
28,BFL,0.36171209936251036,0.3662399972774614,Kern County-Meadows Field Airport,Bakersfield
29,BGM,0.37907266181833665,0.39690770873541703,Greater Binghamton Edwin A Link Field Airport,Johnson City
30,BGR,0.35877831332517923,0.398902165869255,Bangor International Airport,Bangor
31,BHM,0.16058663041343463,0.14548878886396005,Birmingham International Airport,Birmingham
32,BIL,0.35177448126145533,0.33911538025726506,Logan International Airport,Billings
33,BIS,0.3499769552131857,0.36438632535307086,Bismarck Municipal Airport,Bismarck
34,BJI,0.38832107304078056,0.40023962535900515,Bemidji-Beltrami County Airport,Bemidji
35,BLI,0.3884197972693384,0.40031001796372884,Bellingham International Airport,Bellingham
36,BMI,0.3554971297666022,0.36708470853414576,Bloomington Normal Airport,Bloomington
37,BNA,0.7894477973261356,0.8739134485429881,Nashville International Airport,Nashville
38,BOI,0.09953873409948374,0.044311151674438574,Boise Air Terminal,Boise
39,BOS,3.112176496556138,2.5264267728348315,Gen E L Logan International Airport,Boston
40,BPT,0.4066353487989012,0.41713385049269147,Jefferson County Airport,Beaumont
41,BQK,0.3865039884189288,0.4010608724141149,Glynco Jetport Airport,Brunswick
42,BQN,0.3405143310419843,0.3771743152112084,Rafael Hernandez Airport,Aguadilla
43,BRD,0.3938794333807146,0.40235140350071597,Brainerd-Crow Wing County Regional Airport,Brainerd
44,BRO,0.3899947281230295,0.3921914042189296,Brownsville-South Padre Island International Air,Brownsville
45,BRW,0.39632052963590353,0.39615685428503095,Wiley Post Will Rogers Memorial Airport,Barrow
46,BTM,0.39046879069223633,0.4014597638408825,Bert Mooney Airport,Butte
47,BTR,0.18656879837642742,0.26269247572890897,Baton Rouge Metropolitan Airport,Baton Rouge
48,BTV,0.28316021105313033,0.3404763039485898,Burlington International Airport,South Burlington
49,BUF,0.01922371877362178,0.0003627021252795487,Greater Buffalo International Airport,Buffalo
50,BUR,0.13039837645747748,0.17233382146351406,Burbank Glendale Pasadena Airport,Burbank
51,BWI,1.6383467037934032,1.9529382221509042,Baltimore-Washington International Thurgood Mars,Baltimore
52,BZN,0.30080018170298817,0.30002402043404086,Gallatin Field Airport,Bozeman
53,CAE,0.32310999463575973,0.3271721016558118,Columbia Metropolitan Airport,West Columbia
54,CAK,0.2541334251358406,0.28073644673974896,Akron Canton Regional Airport,Canton
55,CDC,0.3967005247797864,0.40267990232275985,Cedar City Municipal Airport,Cedar City
56,CDV,0.3962851379313262,0.40031001796372884,Merle K Mudhole Smith Airport,Cordova
57,CGI,0.4056462437920295,0.41612488982498524,Cape Girardeau Municipal Airport,Scott City
58,CHA,0.25290216636080826,0.3225496539456226,Chattanooga Metropolitan Airport,Chattanooga
59,CHO,0.3181085879625952,0.36541875022235165,Charlottesville Albemarle Airport,Earlysville
61,CID,0.25802744399999344,0.29324286617899176,Cedar Rapids Municipal Airport,Cedar Rapids
62,CIU,0.38040357618257353,0.40143629963930794,Chippewa County International Airport,Kincheloe
63,CKB,0.4037919047443069,0.4146466451257877,Benedum Airport,Clarksburg
64,CLE,0.3912734249789042,0.41880179480273794,Hopkins International Airport,Cleveland
65,CLL,0.3770814127555385,0.38634881802686305,Easterwood Field Airport,College Station
66,CLT,1.8447175959050977,2.2363857771716416,Douglas International Airport,Charlotte
67,CMH,0.0863897231762166,0.1433320683173525,Port Columbus International Airport,Columbus
68,CMX,0.3881618103701826,0.4002161611574306,Houghton County Memorial Airport,Hancock
69,COD,0.39201578072652427,0.39545292823779404,Yellowstone Regional Airport,Cody/Yellowstone
70,COS,0.1626486628853874,0.20074698357205908,City of Colorado Springs Municipal Airport,Colorado Springs
71,COU,0.39405452918230777,0.402726830725909,Columbia Regional Airport,Columbia
72,CPR,0.3979830083903912,0.39840941763618914,Natrona County International Airport,Casper
73,CRP,0.356269227742776,0.3538274346445169,Corpus Christi International Airport,Corpus Christi
74,CRW,0.34908098627099127,0.37011159053726456,Yeager Airport,Charleston
75,CSG,0.38400701052493363,0.3977993483952505,Columbus Metropolitan Airport,Columbus
76,CVG,0.026431518818988704,0.022913785836688284,Greater Cincinnati International Airport,Hebron
77,CWA,0.3683424558068788,0.38986844826304773,Central Wisconsin Airport,Mosinee
78,DAB,0.36907357391459467,0.37018198314198825,Daytona Beach International Airport,Daytona Beach
79,DAL,1.1914053566205538,1.2143086207851932,Dallas Love Field Airport,Dallas
80,DAY,0.2680442277560241,0.2850538598294688,James M Cox Dayton International Airport,Dayton
81,DCA,1.237596187897201,1.3286262108564706,Washington National Airport,Arlington
82,DEN,4.216568118367138,4.8190904444839395,Denver International Airport,Denver
83,DFW,3.9469867105196887,3.834602939019943,Fort Worth International Airport,Dallas
84,DHN,0.37299739631944423,0.3877097417181878,Dothan Airport,Dothan
85,DLG,0.40632893114611324,0.41532710697145003,Dillingham Municipal Airport,Dillingham
86,DLH,0.3281421362102678,0.356783924042912,Duluth International Airport,Duluth
87,DRO,0.3820725744615886,0.38658346004260874,Durango la Plata County Airport,Durango
88,DSM,0.22010616390603302,0.22552518043479902,Des Moines International Airport,Des Moines
89,DTW,2.4059778743053046,2.553480997250304,Detroit Metropolitan Wayne County Airport,Detroit
90,DVL,0.3919226446618471,0.4026329739196107,Devils Lake Municipal Airport,Devils Lake
91,EAU,0.392751555637474,0.40143629963930794,Eau Claire County Airport,Eau Claire
93,EGE,0.3448693734262892,0.38407279047413034,Eagle County Regional Airport,Gypsum
94,EKO,0.39329453889454197,0.4018821194692247,Elko Municipal Airport-J C Harris Field,Elko
95,ELM,0.39384031623355026,0.4092264145620633,Elmira Corning Regional Airport,Horseheads
96,ELP,0.19194647475088777,0.16336851046377807,El Paso International Airport,El Paso
97,ERI,0.37808541953275854,0.3817263703166739,Erie International Airport,Erie
98,ESC,0.3841001465896108,0.4026564381211853,Delta County Airport,Escanaba
99,EUG,0.294384969568024,0.32386364923379823,Mahlon Sweet Field Airport,Eugene
100,EVV,0.3512305666437406,0.3655360712302245,Evansville Regional Airport,Evansville
101,EWN,0.3957356351497308,0.40683306600145774,Craven County Regional Airport,New Bern
102,EWR,3.457561347444344,2.303798428295365,Newark International Airport,Newark
103,EYW,0.3695597441722095,0.3801542688111781,Key West International Airport,Key West
104,FAI,0.3677901589433431,0.3453803220776737,Fairbanks International Airport,Fairbanks
105,FAR,0.3387568535015259,0.3454507146823974,Hector International Airport,Fargo
106,FAT,0.18470235164029675,0.22177090818286874,Fresno Yosemite International Airport,Fresno
107,FAY,0.3701148351176855,0.38707620827567457,Fayetteville Regional Airport,Fayetteville
108,FCA,0.35459091585729324,0.3589426305877719,Glacier Park International Airport,Kalispell
109,FLG,0.39118035022637,0.38597339080167004,Flagstaff Pulliam Airport,Flagstaff
110,FLL,2.2762421302919336,1.696310249529894,Fort Lauderdale Hollywood International Airport,Dania Beach
111,FNT,0.3015527211055798,0.31870152488739406,Bishop International Airport,Flint
112,FSD,0.2941102181772264,0.3131639733157969,Sioux Falls Regional Airport,Sioux Falls
113,FSM,0.3800189242354568,0.39312997228191215,Smith Field Airport,Fort Smith
114,FWA,0.21578371914436512,0.2874941367932235,Fort Wayne Municipal Airport-Baer Field,Fort Wayne
115,GCC,0.38407406849150116,0.3935992563134035,Gillette Campbell County Airport,Gillette
116,GCK,0.4019655065159874,0.4129102942092699,Garden City Regional Airport,Pierceville
117,GEG,0.22111482748648686,0.143283153915951,Spokane International Airport,Spokane
118,GFK,0.3833112841217951,0.3861141760111174,Grand Forks Mark Andrews International Airport,Grand Forks
119,GGG,0.40627491222860046,0.4171103862911169,Gregg County Airport,Longview
120,GJT,0.3775144954562874,0.35654928202716635,Walker Field Airport,Grand Junction
121,GNV,0.3587652742761244,0.38268840258123105,Gainesville Regional Airport,Gainesville
122,GPT,0.35754519182885336,0.36201644099403985,Gulfport Biloxi Regional Airport,Gulfport
123,GRB,0.312277338953157,0.3165428183425341,Austin Straubel International Airport,Green Bay
126,GRR,0.15355951433354142,0.16128019652364184,Gerald R. Ford International Airport,Grand Rapids
127,GSO,0.25734103120332263,0.28578125007828026,Triad International Airport,Greensboro
128,GSP,0.2461442135078321,0.268722775533572,Greenville Spartanburg International Airport,Greer
129,GST,0.4057105076766568,0.41532710697145003,Gustavus Airport,Gustavus
130,GTF,0.38390735493572903,0.3799665551985816,Great Falls International Airport,Great Falls
131,GTR,0.3855735591328038,0.39486632319842996,Golden Triangle Regional Airport,Columbus
132,GUC,0.40210521061300314,0.4133091856360375,Gunnison County Airport,Gunnison
133,GUM,0.39648165502779503,0.40873366632899744,Antonio B Won Pat International Airport,Hagåtña
134,HDN,0.37095771650301396,0.39458475277953514,Yampa Valley Airport,Hayden
135,HIB,0.3944326616048971,0.4015770848487553,Chisholm Hibbing Airport,Hibbing
136,HLN,0.37534815059189625,0.37785477705687076,Helena Regional Airport,Helena
137,HNL,0.1700408110266722,0.7164921201792358,Honolulu International Airport,Honolulu
138,HOB,0.3992301002964186,0.4023983319038651,Lea County Regional Airport,Hobbs
139,HOU,0.7758406182767996,0.859647213985653,William P Hobby Airport,Houston
140,HPN,0.18770412700484224,0.25802309961557063,Westchester County Airport,Purchase
141,HRL,0.3521842799460349,0.3581448477342367,Grande Valley International Airport,Harlingen
142,HSV,0.33587429229976723,0.32510725191725015,Huntsville International Airport,Huntsville
143,HYA,0.4038207769243568,0.4150924649557044,Barnstable Boardman Polando Airport,Hyannis
144,HYS,0.39491324369863134,0.4026329739196107,Hays Municipal Airport,Hays
145,IAD,0.4567862642334791,0.44536327098514483,Dulles International Airport,Washington
147,IAH,2.0908557249126547,2.6159427018417944,George Bush Intercontinental Airport,Houston
148,ICT,0.24291518614547428,0.22611178547416314,Wichita Mid-Continent Airport,Wichita
149,IDA,0.36691374857473086,0.3609136235200353,Fanning Field Airport,Idaho Falls
150,IFP,0.3987839785466149,0.4098130196014274,Laughlin-Bullhead International Airport,Bullhead City
151,ILM,0.3615956792816639,0.36825791861287394,Wilmington International Airport,Wilmington
152,IMT,0.3843208790628957,0.4013893712361588,Ford Airport,Kingsford
153,IND,0.11885322988009431,0.21684541185046263,Indianapolis International Airport,Indianapolis
154,INL,0.3967303283204831,0.4026564381211853,Falls International Airport,International Falls
155,ISN,0.3814560137134257,0.3897041988520258,Sloulin Field International Airport,Williston
156,ISP,0.2911466285991985,0.2944630046608691,Long Island Macarthur Airport,Ronkonkoma
157,ITH,0.37870570572350853,0.3953356072299212,Tompkins County Airport,Ithaca
158,ITO,0.3514317405434433,0.2737206504689542,Hilo International Airport,Hilo
159,JAC,0.294287176700113,0.33498568078014174,Jackson Hole Airport,Jackson
160,JAN,0.3239249352016851,0.31128683718983174,Jackson International Airport,Pearl
161,JAX,0.005868068411057168,0.015192077520404216,Jacksonville International Airport,Jacksonville
162,JFK,2.6609629980965464,1.7989895956201876,John F Kennedy International Airport,Jamaica
163,JLN,0.40206888754777903,0.41286336580612076,Joplin Regional Airport,Webb City
164,JMS,0.3833634403180143,0.3941154687480439,Jamestown Municipal Airport,Jamestown
165,JNU,0.34138142780412883,0.31344554373469163,Juneau International Airport,Juneau
166,KOA,0.2394942984898815,0.09917045495577002,Kailua-Kona International Airport,Kailua Kona
167,KTN,0.37262298933944193,0.36037394688382035,Ketchikan International Airport,Ketchikan
168,LAN,0.34497461717937444,0.35812138353266215,Lansing Capital City Airport,Lansing
169,LAR,0.3925736657539406,0.40267990232275985,General Brees Field,Laramie
170,LAS,3.1061580440566985,3.1426905629891895,Mccarran International Airport,Las Vegas
171,LAW,0.37909222039191887,0.40059158838262365,Lawton Municipal Airport,Lawton
172,LAX,5.168660853136074,4.611009904920703,Los Angeles International Airport,Los Angeles
173,LBB,0.3251915856812947,0.31783334942913516,Lubbock International Airport,Lubbock
174,LBE,0.3848098434024509,0.3919802264047585,Westmoreland County Airport,Latrobe
175,LCH,0.3786898725925134,0.38853098877329756,Lake Charles Regional Airport,Lake Charles
176,LEX,0.23432059009706416,0.29394679222622866,Blue Grass Field,Lexington
177,LFT,0.34284738946214766,0.3561973190035479,Lafayette Regional Airport,Lafayette
178,LGA,2.494963795940469,1.772521976244079,LaGuardia Airport,Flushing
179,LGB,0.02928154371025334,0.03253212248400727,Long Beach Daugherty Field Airport,Long Beach
180,LIH,0.2366201195339437,0.12568500273502772,Lihue Airport,Lihue
181,LIT,0.25914228269417927,0.23828970609136205,Adams Field Airport,Little Rock
182,LNK,0.34494388227803097,0.34800831265402493,Lincoln Municipal Airport,Lincoln
183,LRD,0.35892919374995624,0.37238761808999726,Laredo International Airport,Laredo
184,LSE,0.35505566482003237,0.3742412900143879,La Crosse Municipal Airport,La Crosse
185,LWS,0.3971196370708337,0.3996295561180665,Lewiston Nez Perce County Airport,Lewiston
186,MAF,0.3059999681939151,0.29199926349553984,Midland International Airport,Midland
187,MBS,0.33406000175985573,0.35617385480197333,MBS International Airport,Freeland
188,MCI,0.39279526827572936,0.640116144054029,Kansas City International Airport,Kansas City
189,MCO,3.0225451419927607,2.6799295795356315,Orlando International Airport,Orlando
190,MDT,0.33914988769446364,0.34448868241784025,Harrisburg International Airport,Middletown
191,MDW,1.4499920520328624,1.6288506700030214,Chicago Midway International Airport,Chicago
192,MEI,0.34517485971843037,0.39261375984727176,Key Field Airport,Meridian
193,MEM,0.10382206171398724,0.07422800868200811,Memphis International Airport,Memphis
194,MFE,0.3695969985980804,0.3668500665184001,Miller International Airport,Mcallen
195,MFR,0.3049465993024162,0.33787177757381315,Rogue Valley International-Medford Airport,Central Point
196,MGM,0.3399927690797921,0.3790045229340244,Montgomery Regional Airport,Montgomery
197,MHK,0.37505290926686957,0.3958048912614125,Manhattan Municipal Airport,Manhattan
198,MHT,0.29419869743866967,0.2722893341729058,Manchester-Boston Regional Airport,Manchester
199,MIA,1.3924255818165443,1.1772821107005307,Miami International Airport,Miami
200,MKE,0.228958685541456,0.29042914798829644,General Mitchell International Airport,Milwaukee
201,MKG,0.38979262286268,0.4014597638408825,Muskegon County Airport,Muskegon
202,MLB,0.38019495139769666,0.38219565434816516,Melbourne International Airport,Melbourne
203,MLI,0.3307434264967014,0.34798484845245037,Quad City Airport,Coal Valley
204,MLU,0.3359115467256381,0.3639874339263032,Monroe Regional Airport,Monroe
206,MOB,0.3175879573610498,0.3262804619959783,Mobile Regional Airport,Mobile
207,MOT,0.3632013450366985,0.38149172830092826,Minot International Airport,Minot
208,MQT,0.37774733561798035,0.39643842470392576,Sawyer International Airport,Marquette
209,MRY,0.3227551462293397,0.35516489413426705,Monterey Peninsula Airport,Monterey
210,MSN,0.18159812660460634,0.19964416609805455,Dane County Regional Airport-Truax Field,Madison
211,MSO,0.3555371782744134,0.36018623327122384,Missoula International Airport,Missoula
212,MSP,1.9777587388538618,2.7407722542184767,Minneapolis St Paul International Airport,St. Paul
213,MSY,0.6596338190184359,0.6826098131055649,New Orleans International Airport,Kenner
214,MTJ,0.3853090527091206,0.4003804105684525,Montrose Regional Airport,Montrose
215,MVY,0.39178852872871195,0.41164322732424347,Marthas Vineyard Airport,Vineyard Haven
217,OAJ,0.38101361740620904,0.39789320520154875,Albert J Ellis Airport,Richlands
218,OAK,0.6121837881473532,0.7664943337346325,Oakland International Airport,Oakland
219,OGG,0.0668684653320227,0.1522250007141124,Kahului Airport,Kahului
220,OKC,0.14461752076388543,0.06955863256866981,Will Rogers World Airport,Oklahoma City
221,OMA,0.049476236614206186,0.042412537345151255,Eppley Airfield,Omaha
222,OME,0.39901681870830785,0.4004273389716017,Nome Airport,Nome
223,ONT,0.06330688090662441,0.07197743132910234,Ontario International Airport,Ontario
224,ORD,6.476294926646262,5.8349730516547025,Chicago O'Hare International Airport,Chicago
225,ORF,0.14582642688339523,0.15219955051428544,Norfolk International Airport,Norfolk
226,ORH,0.3857244395575808,0.4004273389716017,Worcester Municipal Airport,Worcester
227,OTH,0.3858874276707659,0.4101884468266205,North Bend Municipal Airport,North Bend
228,OTZ,0.39742605472362164,0.4004038747700271,Ralph Wien Memorial Airport,Kotzebue
229,PAH,0.3874455940328151,0.40136590703458425,Barkley Regional Airport,West Paducah
231,PBI,0.3256627928564183,0.15635470019123573,Palm Beach International Airport,West Palm Beach
232,PDX,0.7136136193840357,1.053109555967936,Portland International Airport,Portland
234,PHF,0.38797553824082825,0.39362272051497804,Newport News-Williamsburg International Airport,Newport News
235,PHL,1.337893484587409,1.3001406701449496,Philadelphia International Airport,Philadelphia
236,PHX,2.249287621813711,3.2081087569790747,Sky Harbor International Airport,Phoenix
237,PIA,0.31163749418882475,0.3497915919736918,Greater Peoria Regional Airport,Peoria
238,PIB,0.3784691401192285,0.40117819342198774,Pine Belt Regional Airport,Moselle
239,PIH,0.3933029211403629,0.39425625395749125,Pocatello Municipal Airport,Pocatello
240,PIT,0.09230293192257073,0.24934333103123424,Pittsburgh International Airport,Coraopolis
241,PLN,0.3770953831652401,0.3932942216929341,Pellston Regional Airport,Pellston
242,PNS,0.31641723702805763,0.2928439747522241,Pensacola Regional Airport,Pensacola
243,PPG,0.40293412158863007,0.4145058599163403,Pago Pago International Airport,Pago Pago
244,PSC,0.3250658519939805,0.3278994919046233,Tri Cities Airport,Pasco
245,PSE,0.386115611029225,0.3999345907385358,Mercedita Airport,Coto Laurel
246,PSG,0.39583156529634833,0.4002630895605797,Petersburg James A Johnson Airport,Petersburg
247,PSP,0.15325961620528092,0.20114587499882666,Palm Springs International Airport,Palm Springs
248,PUB,0.40598339634616093,0.4161014256234107,Pueblo Memorial Airport,Pueblo
249,PVD,0.13689560964150047,0.09454800724558084,Theodore Francis Green State Airport,Warwick
250,PWM,0.20032872057183393,0.27637210524688,Jetport International Airport,Portland
251,RAP,0.3456889707954484,0.3430104377186427,Rapid City Regional Airport,Rapid City
252,RDD,0.3675321720441873,0.3922148684205042,Redding Municipal Airport,Redding
253,RDM,0.28121273594073054,0.32876766736288215,Roberts Field Airport,Redmond
254,RDU,0.4452709211967926,0.42593491208140555,Durham International Airport,Raleigh/Durham
255,RHI,0.38367172069209576,0.3993010572960226,Rhinelander-Oneida County Airport,Rhinelander
256,RIC,0.05748122006106683,0.04611789519568003,Richmond International Airport,Richmond
257,RKS,0.39583435937828865,0.4015301564456062,Rock Springs-Sweetwater County Airport,Rock Springs
258,RNO,0.06175343265995199,0.04717378426653542,Reno-Tahoe International Airport,Reno
259,ROA,0.3601930501476256,0.38139787149463,Roanoke Regional Airport-Woodrum Field,Roanoke
260,ROC,0.21827417751383288,0.23885284692915157,Greater Rochester International Airport,Rochester
261,ROW,0.39763654222979206,0.40650456717941386,Roswell Industrial Air Center,Roswell
262,RST,0.31298331032341004,0.351504478688635,Rochester International Airport,Rochester
263,RSW,0.29610420000982185,0.29376106461188456,Southwest Florida International Airport,Fort Myers
265,SAN,1.2490780019506038,1.5550088276478675,San Diego International Airport,San Diego
266,SAT,0.19872485622594996,0.3568328384443135,San Antonio International Airport,San Antonio
267,SAV,0.21498647443072846,0.2368818539968882,Savannah International Airport,Savannah
268,SBA,0.24278945245816008,0.29394679222622866,Santa Barbara Municipal Airport,Goleta
269,SBN,0.25923355603756293,0.29331325878371545,South Bend Regional Airport,South Bend
270,SBP,0.2740431216818812,0.3346571819580978,San Luis Obispo County Airport,San Luis Obispo
271,SCC,0.39843937510730937,0.40023962535900515,Deadhorse Airport,Prudhoe Bay
272,SCE,0.35273098864568997,0.38055316023794566,University Park Airport,State College
273,SDF,0.1826039961031199,0.1836885090273508,Louisville International Airport,Louisville
274,SEA,2.1064550843854355,2.801427215288726,Tacoma International Airport,Seattle
275,SFO,4.838675119181593,3.680278885264033,San Francisco International Airport,San Francisco
276,SGF,0.3519439888991678,0.3534285432177493,Springfield Regional Airport,Springfield
277,SGU,0.3702936563618657,0.3515514070917841,St George Municipal Airport,St. George
278,SHV,0.2839378971931848,0.30262854680881746,Shreveport Regional Airport,Shreveport
279,SIT,0.38708981426574823,0.3856683561812007,Sitka Airport,Sitka
280,SJC,0.4947317597042556,0.7355215876562076,Norman Y Mineta San Jose International Airport,San Jose
281,SJT,0.3894880679311856,0.4025156529117379,Mathis Field Airport,San Angelo
282,SJU,0.211674494658665,0.15633123598966117,Luis Munoz Marin Airport,Carolina
283,SLC,1.5088652212366012,2.2086276267089318,Salt Lake City International Airport,Salt Lake City
284,SMF,0.47628988753752727,0.6401865366587526,Sacramento International Airport,Sacramento
285,SNA,0.3717791152813238,0.5635055259130763,John Wayne Airport,Santa Ana
286,SPI,0.3743478692572633,0.3903846606976881,Capital Airport,Springfield
288,SRQ,0.331218420426555,0.34277579570289707,Sarasota Bradenton Airport,Sarasota
289,STL,0.7599758210196889,0.9198798194275597,Lambert St Louis International Airport,St. Louis
290,STS,0.36555023658785696,0.39122937195437246,Sonoma County Airport,Windsor
291,STT,0.30831719348308334,0.3195462361440784,Cyril E King International Airport,Charlotte Amalie
292,STX,0.38501939954797454,0.3917690485905874,Henry E Rohlson International Airport,Frederiksted
293,SUN,0.37476605018766385,0.38590299819694635,Friedman Memorial Airport,Hailey
294,SUX,0.40521968061580804,0.41664110225962564,Sioux Gateway Airport,Sioux City
295,SWF,0.3503485681112477,0.3863018896237139,Stewart International Airport,New Windsor
297,SYR,0.23521190223602476,0.2690512743556159,Hancock International Airport,Syracuse
298,TLH,0.3672909496366734,0.4172746357021389,Tallahassee Regional Airport,Tallahassee
299,TOL,0.3974074275106862,0.36853948903176875,Toledo Express Airport,Swanton
300,TPA,1.1338165337487134,0.4119247977431382,Tampa International Airport,Tampa
301,TRI,0.3537461717506712,1.2287156405519757,Tri-Cities Regional Airport,Blountville
303,TUL,0.1748429678335705,0.36680313811525095,Tulsa International Airport,Tulsa
304,TUS,0.07599952511297338,0.0909579844046725,Tucson International Airport,Tucson
305,TVC,0.2976316927826705,0.055808610445975106,Cherry Capital Airport,Traverse City
306,TWF,0.38531370951235444,0.3434327933469849,Twin Falls-Sun Valley Regional Airport,Twin Falls
307,TXK,0.4052047788454597,0.3905254459071355,Texarkana Regional Airport,Texarkana
308,TYR,0.40213408279305307,0.4155382847856211,Tyler Pounds Field Airport,Tyler
309,TYS,0.21004560619960408,0.41462318092421313,Mcghee Tyson Airport,Knoxville
310,UIN,0.4041309200197318,0.2628097967367818,Quincy Municipal Airport-Baldwin Field,Quincy
312,VLD,0.3902694795138272,0.4157494625997922,Valdosta Regional Airport,Valdosta
313,VPS,0.3337358882547792,0.401647477453479,Eglin Air Force Base,Eglin Village
315,WYS,0.40009160889468254,0.4002630895605797,Yellowstone Airport,West Yellowstone
316,XNA,0.2611465708060322,0.41185440513841454,Northwest Arkansas Regional Airport,Bentonville
317,YAK,0.39655709524018357,0.2967624964151764,Yakutat Airport,Yakutat
318,YUM,0.38531370951235444,0.40031001796372884,Yuma International Airport,Yuma
