,code,Total_delay,count,name,city
0,ABE,0.30388135607595146,0.3309545676751781,Lehigh Valley International Airport,Allentown
1,ABI,0.36799731298875193,0.3753958161530025,Abilene Regional Airport,Abilene
2,ABQ,0.015520306946488354,0.08071718371842455,Albuquerque International Airport,Albuquerque
3,ABR,0.39237438537309804,0.40184105115122326,Aberdeen Regional Airport,Aberdeen
4,ABY,0.376105467468301,0.3961875279292074,Southwest Georgia Regional Airport,Albany
5,ACK,0.366623103558675,0.39714013623767896,Nantucket Memorial Airport,Nantucket
6,ACT,0.38301557277534093,0.3842799240733132,Waco Regional Airport,Waco
7,ACV,0.36420388916175883,0.386661444844492,Arcata Airport,Mckinleyville
8,ACY,0.3439303145419348,0.34917837879376407,Atlantic City International Airport,Egg Harbor City
9,ADK,0.4056900283716103,0.4151154408410115,Adak Airport,Adak
10,ADQ,0.40185595217748615,0.4040983186647754,Kodiak Airport,Kodiak
11,AEX,0.3364686124102932,0.34679685802258525,Alexandria International Airport,Alexandria
12,AGS,0.2984690115108573,0.32316803019723683,Bush Field Airport,Augusta
13,AKN,0.4074269206849152,0.4159645047681274,King Salmon Airport,King Salmon
14,ALB,0.1798302592229454,0.1613074532621597,Albany International Airport,Latham
15,ALO,0.39507736923469366,0.4032492547376595,Waterloo Municipal Airport,Waterloo
16,AMA,0.31221907686400524,0.30614533390237586,Amarillo International Airport,Amarillo
17,ANC,0.24135243569173753,0.03599804294561009,Anchorage International Airport,Anchorage
18,APN,0.3922914864283602,0.4043882429325711,Alpena County Regional Airport,Alpena
19,ART,0.4070506870126435,0.41675144206643,Watertown International Airport,Dexter
20,ASE,0.19240060882405513,0.2753305260109487,Aspen Pitkin County Airport-Sardy Field,Aspen
21,ATL,6.408371271452933,7.660145190072225,Hartsfield-Jackson Atlanta International Airport,Atlanta
22,ATW,0.3211928876318742,0.3305403901497557,Outagamie County Airport,Appleton
23,AUS,0.7882277476896067,0.8928157666904114,Austin-Bergstrom International Airport,Austin
24,AVL,0.20997199668752142,0.25793506994320753,Asheville Regional Airport,Fletcher
25,AVP,0.33140619704462115,0.3477701752073279,Wilkes Barre Scranton International Airport,Pittston
26,AZA,0.31450118916000885,0.30852685467355473,Phoenix-Mesa Gateway Airport,Phoenix
27,AZO,0.3542958710551137,0.35918076603271526,Kalamazoo-Battle Creek International Airport,Kalamazoo
28,BDL,0.10488935490004707,0.16912337651983758,Bradley International Airport,Windsor Locks
29,BET,0.4011656590414962,0.3999358345342802,Bethel Airport,Bethel
30,BFF,0.3992294904187254,0.405402977869856,William B Heilig Field Airport,Scottsbluff
31,BFL,0.3640827291656036,0.36914173551912416,Kern County-Meadows Field Airport,Bakersfield
32,BGM,0.38316064592863214,0.39821699780377723,Greater Binghamton Edwin A Link Field Airport,Johnson City
33,BGR,0.30505549209132465,0.3325698600243255,Bangor International Airport,Bangor
34,BHM,0.03573595116385786,0.03835885484051781,Birmingham International Airport,Birmingham
35,BIL,0.3425616848485229,0.331285909695516,Logan International Airport,Billings
36,BIS,0.32725327875535154,0.34132971468700946,Bismarck Municipal Airport,Bismarck
37,BJI,0.39425874215540774,0.4019445955325789,Bemidji-Beltrami County Airport,Bemidji
39,BLI,0.3798199778767456,0.37119191426996506,Bellingham International Airport,Bellingham
41,BMI,0.32239013969914543,0.35155989956494293,Bloomington Normal Airport,Bloomington
42,BNA,1.112058127413617,1.120634114549007,Nashville International Airport,Nashville
43,BOI,0.10399526110307357,0.019845119454136168,Boise Air Terminal,Boise
44,BOS,3.1168487430068637,2.6515999195203968,Gen E L Logan International Airport,Boston
45,BPT,0.39259837194493774,0.3996459102664845,Jefferson County Airport,Beaumont
46,BQK,0.3937342469088934,0.39577335040378503,Glynco Jetport Airport,Brunswick
47,BQN,0.35175629376728007,0.376679766481812,Rafael Hernandez Airport,Aguadilla
48,BRD,0.395309326858912,0.40407760978850427,Brainerd-Crow Wing County Regional Airport,Brainerd
49,BRO,0.35734639280041786,0.36328112353439707,Brownsville-South Padre Island International Air,Brownsville
50,BRW,0.4032118281870922,0.40221381092410347,Wiley Post Will Rogers Memorial Airport,Barrow
51,BTM,0.3997013767195407,0.4032492547376595,Bert Mooney Airport,Butte
52,BTR,0.21473390337851886,0.26037871734319973,Baton Rouge Metropolitan Airport,Baton Rouge
53,BTV,0.16333177500964358,0.21583392448401975,Burlington International Airport,South Burlington
54,BUF,0.14447678943330733,0.12629742039116057,Greater Buffalo International Airport,Buffalo
55,BUR,0.08003959910964782,0.13323489394198593,Burbank Glendale Pasadena Airport,Burbank
56,BWI,1.713071491236619,1.7931755803299136,Baltimore-Washington International Thurgood Mars,Baltimore
57,BZN,0.2820366870322982,0.2963086176735937,Gallatin Field Airport,Bozeman
58,CAE,0.2813607417905898,0.27609675443298015,Columbia Metropolitan Airport,West Columbia
59,CAK,0.19238705803501147,0.2617455031770937,Akron Canton Regional Airport,Canton
60,CDC,0.4009536290482245,0.4043882429325711,Cedar City Municipal Airport,Cedar City
61,CDV,0.4012828335114622,0.40231735530545903,Merle K Mudhole Smith Airport,Cordova
62,CGI,0.39283511220058326,0.40432611630375775,Cape Girardeau Municipal Airport,Scott City
63,CHA,0.1941574287683066,0.24101591802970215,Chattanooga Metropolitan Airport,Chattanooga
64,CHO,0.25387017634714826,0.3018378876379828,Charlottesville Albemarle Airport,Earlysville
66,CID,0.2103673608855018,0.22608481823822435,Cedar Rapids Municipal Airport,Cedar Rapids
67,CIU,0.39255771957780666,0.40333209024274397,Chippewa County International Airport,Kincheloe
68,CKB,0.37770206925974187,0.4005571008224138,Benedum Airport,Clarksburg
69,CLE,0.5561561374222703,0.5847298144049531,Hopkins International Airport,Cleveland
70,CLL,0.3477946807350977,0.3693902420343776,Easterwood Field Airport,College Station
71,CLT,4.348060681832007,4.414463720975793,Douglas International Airport,Charlotte
72,CMH,0.5448364459393686,0.5313009136254625,Port Columbus International Airport,Columbus
73,CMI,0.36561556253801536,0.36823054496319485,University of Illinois-Willard Airport,Savoy
74,CMX,0.3744825612040106,0.4022552286766457,Houghton County Memorial Airport,Hancock
75,CNY,0.40068261326735083,0.4085714359393374,Canyonlands Field Airport,Thompson
76,COD,0.38959328519819175,0.400246467678347,Yellowstone Regional Airport,Cody/Yellowstone
77,COS,0.12832211585743428,0.20318080108236516,City of Colorado Springs Municipal Airport,Colorado Springs
78,COU,0.3476288828456221,0.37119191426996506,Columbia Regional Airport,Columbia
79,CPR,0.39599404025823687,0.3968709208461544,Natrona County International Airport,Casper
80,CRP,0.3102534153474335,0.30208639415323624,Corpus Christi International Airport,Corpus Christi
81,CRW,0.2883114994647608,0.3213456490853782,Yeager Airport,Charleston
82,CSG,0.3746650983034814,0.39082392897498724,Columbus Metropolitan Airport,Columbus
83,CVG,0.6560254526742069,0.6097668458167377,Greater Cincinnati International Airport,Hebron
84,CWA,0.3557800810080158,0.3581867399717015,Central Wisconsin Airport,Mosinee
85,CYS,0.4068330772827068,0.41606804914948303,Cheyenne Airport,Cheyenne
86,DAB,0.3419813922353582,0.34379407096327275,Daytona Beach International Airport,Daytona Beach
87,DAL,1.1979502023196145,1.0529575068949855,Dallas Love Field Airport,Dallas
88,DAY,0.06003411012965547,0.12577102158091708,James M Cox Dayton International Airport,Dayton
89,DBQ,0.3899240838719052,0.3963739078156475,Dubuque Regional Airport,Dubuque
90,DCA,2.4164969360203425,2.3270089928468556,Washington National Airport,Arlington
91,DEN,4.3417595649266945,4.4697978383722266,Denver International Airport,Denver
92,DFW,6.05968475909662,5.366678560798181,Fort Worth International Airport,Dallas
93,DHN,0.3713268215673084,0.3888151679766885,Dothan Airport,Dothan
94,DLG,0.40722206463878424,0.4155296183664339,Dillingham Municipal Airport,Dillingham
95,DLH,0.3375837626380644,0.35932572816661307,Duluth International Airport,Duluth
96,DRO,0.3376849950032731,0.3525539256259567,Durango la Plata County Airport,Durango
97,DRT,0.40630778493095465,0.41490835207830024,Del Rio International Airport,Del Rio
98,DSM,0.09803131971337775,0.09470770717423646,Des Moines International Airport,Des Moines
99,DTW,2.4125974971967135,2.844751608501137,Detroit Metropolitan Wayne County Airport,Detroit
100,DVL,0.38944741493966273,0.4043054074274866,Devils Lake Municipal Airport,Devils Lake
101,EAR,0.40662343860514866,0.4131273887189839,Kearney Municipal Airport,Kearney
102,EAU,0.3867372571309263,0.4023587730580013,Eau Claire County Airport,Eau Claire
104,EGE,0.32027781081880674,0.3726622444852146,Eagle County Regional Airport,Gypsum
105,EKO,0.40154428402948145,0.40387052102579307,Elko Municipal Airport-J C Harris Field,Elko
106,ELM,0.398214775450925,0.4103731081749249,Elmira Corning Regional Airport,Horseheads
107,ELP,0.0716638755500861,0.06559102713704115,El Paso International Airport,El Paso
108,ERI,0.3825508604216664,0.39624965455802075,Erie International Airport,Erie
109,ESC,0.3935947534922673,0.40432611630375775,Delta County Airport,Escanaba
110,EUG,0.30885529276022067,0.33230064463280096,Mahlon Sweet Field Airport,Eugene
111,EVV,0.30420418369728625,0.32163557335317394,Evansville Regional Airport,Evansville
112,EWN,0.3646391086216324,0.37197885156826765,Craven County Regional Airport,New Bern
113,EWR,3.5991994413848176,2.562220409534241,Newark International Airport,Newark
114,EYW,0.3186126579769096,0.3187777484277593,Key West International Airport,Key West
115,FAI,0.3678362977307035,0.32499041130909545,Fairbanks International Airport,Fairbanks
116,FAR,0.28301473515915687,0.2981517076617234,Hector International Airport,Fargo
117,FAT,0.14664517396020596,0.18690362433326452,Fresno Yosemite International Airport,Fresno
118,FAY,0.31615518252857594,0.3365459642683806,Fayetteville Regional Airport,Fayetteville
119,FCA,0.3640349028513317,0.36804416507675475,Glacier Park International Airport,Kalispell
120,FLG,0.38974473519338587,0.3926256012105747,Flagstaff Pulliam Airport,Flagstaff
121,FLL,1.8897498672090967,1.6021154878525568,Fort Lauderdale Hollywood International Airport,Dania Beach
122,FLO,0.4045174865667129,0.4137486550071175,Florence Regional Airport,Florence
123,FNT,0.3173867101210753,0.33112023868534707,Bishop International Airport,Flint
124,FSD,0.23640480348031787,0.2855814197651533,Sioux Falls Regional Airport,Sioux Falls
125,FSM,0.36059220532899866,0.37479525874114,Smith Field Airport,Fort Smith
126,FWA,0.22478141490179016,0.27062961109740435,Fort Wayne Municipal Airport-Baer Field,Fort Wayne
127,GCC,0.3921448190645933,0.4000186700393647,Gillette Campbell County Airport,Gillette
128,GCK,0.3955380960621789,0.402130975419019,Garden City Regional Airport,Pierceville
129,GEG,0.2375462581809386,0.16155595977741313,Spokane International Airport,Spokane
130,GFK,0.3716353012943616,0.3736562705462284,Grand Forks Mark Andrews International Airport,Grand Forks
131,GGG,0.3953196892270042,0.4006399363274983,Gregg County Airport,Longview
132,GJT,0.36144909345970205,0.33961087795650646,Walker Field Airport,Grand Junction
133,GNV,0.30828217409419667,0.3242448917633351,Gainesville Regional Airport,Gainesville
134,GPT,0.3279475574175308,0.32967061734636866,Gulfport Biloxi Regional Airport,Gulfport
135,GRB,0.3118500171388744,0.3169139495633585,Austin Straubel International Airport,Green Bay
138,GRR,0.03280658941470895,0.05817724943198005,Gerald R. Ford International Airport,Grand Rapids
139,GSO,0.11706300437261023,0.14859220323169176,Triad International Airport,Greensboro
140,GSP,0.11760822435530896,0.1351314336554635,Greenville Spartanburg International Airport,Greer
141,GST,0.40747793542013844,0.4155296183664339,Gustavus Airport,Gustavus
142,GTF,0.3755458995913207,0.3788334896140085,Great Falls International Airport,Great Falls
143,GTR,0.3903656801736817,0.39612540130039403,Golden Triangle Regional Airport,Columbus
144,GUC,0.40225928742784517,0.4125061224308503,Gunnison County Airport,Gunnison
145,GUM,0.39780426625342524,0.4043675340563,Antonio B Won Pat International Airport,Hagåtña
146,HDN,0.38126592677823024,0.398009909041066,Yampa Valley Airport,Hayden
148,HHH,0.39998514618422015,0.40618991516815856,Hilton Head Airport,Hilton Head Island
149,HIB,0.39973724645524455,0.40432611630375775,Chisholm Hibbing Airport,Hibbing
150,HLN,0.38821668445240126,0.37976538904620893,Helena Regional Airport,Helena
151,HNL,0.035192067111725345,0.6024566124930322,Honolulu International Airport,Honolulu
152,HOB,0.3979628901957601,0.4032492547376595,Lea County Regional Airport,Hobbs
153,HOU,0.7785843685219322,0.7805529484246677,William P Hobby Airport,Houston
154,HPN,0.10740129178446493,0.21276901079589391,Westchester County Airport,Purchase
155,HRL,0.33847492629399595,0.3459685029717404,Grande Valley International Airport,Harlingen
156,HSV,0.2513760340578729,0.23877935939242115,Huntsville International Airport,Huntsville
157,HTS,0.381372738880104,0.39906606173089315,Tri State Walker Long Field Airport,Huntington
158,HVN,0.3832307911895641,0.39591831253768284,Tweed New Haven Airport,East Haven
159,HYA,0.40333617660419896,0.41542607398507825,Barnstable Boardman Polando Airport,Hyannis
160,HYS,0.3743653867340446,0.3949449953529402,Hays Municipal Airport,Hays
161,IAD,1.112316389510685,1.0054306358527643,Dulles International Airport,Washington
163,IAH,2.7696982524439147,3.182057785205146,George Bush Intercontinental Airport,Houston
164,ICT,0.19770215576108627,0.1990390258281411,Wichita Mid-Continent Airport,Wichita
165,IDA,0.37088921079172127,0.37239302909369004,Fanning Field Airport,Idaho Falls
166,IFP,0.4077035162024539,0.41633726454100756,Laughlin-Bullhead International Airport,Bullhead City
167,ILM,0.2896849117895999,0.2809012137278801,Wilmington International Airport,Wilmington
168,IMT,0.39421171294637375,0.4037669766444375,Ford Airport,Kingsford
169,IND,0.5804686442823495,0.596057569725256,Indianapolis International Airport,Indianapolis
170,INL,0.396706652340887,0.40380839439697974,Falls International Airport,International Falls
171,ISN,0.375859959055039,0.38873233247160405,Sloulin Field International Airport,Williston
172,ISP,0.25723236624045714,0.28988886602954633,Long Island Macarthur Airport,Ronkonkoma
173,ITH,0.37824250661101344,0.3968709208461544,Tompkins County Airport,Ithaca
174,ITO,0.3716687797143519,0.2882528648041278,Hilo International Airport,Hilo
175,JAC,0.3021675798145446,0.3301676303768755,Jackson Hole Airport,Jackson
176,JAN,0.2449410034725997,0.25685820837710927,Jackson International Airport,Pearl
177,JAX,0.25250686811049194,0.2317470183637057,Jacksonville International Airport,Jacksonville
178,JFK,2.5376569321756173,2.268340746370771,John F Kennedy International Airport,Jamaica
179,JLN,0.38552645427461146,0.40059851857495604,Joplin Regional Airport,Webb City
180,JMS,0.3764689474567668,0.3967880853410699,Jamestown Municipal Airport,Jamestown
181,JNU,0.3657263601660784,0.32600514624638033,Juneau International Airport,Juneau
182,KOA,0.2698242376829892,0.10626326013352165,Kailua-Kona International Airport,Kailua Kona
183,KTN,0.37959838262061946,0.3669465946343854,Ketchikan International Airport,Ketchikan
184,LAN,0.33681694739923956,0.344518881632762,Lansing Capital City Airport,Lansing
185,LAR,0.3924580814230737,0.40432611630375775,General Brees Field,Laramie
186,LAS,2.6453123713910056,2.9192000186958147,Mccarran International Airport,Las Vegas
187,LAW,0.3789096836951053,0.3894778520173644,Lawton Municipal Airport,Lawton
188,LAX,3.3342910808436885,4.169457005812167,Los Angeles International Airport,Los Angeles
189,LBB,0.2839640874974525,0.2852914954973576,Lubbock International Airport,Lubbock
190,LBE,0.3881616841909887,0.39469648883768677,Westmoreland County Airport,Latrobe
191,LBF,0.4030324795085729,0.4054858133749405,Lee Bird Field Airport,North Platte
192,LBL,0.39600519973156695,0.40565148438510945,Liberal Municipal Airport,Liberal
193,LCH,0.3728508867821037,0.3770939440072344,Lake Charles Regional Airport,Lake Charles
194,LCK,0.36699774302047095,0.3948207420953135,Rickenbacker International Airport,Columbus
195,LEX,0.1914432854333809,0.2081716402637052,Blue Grass Field,Lexington
196,LFT,0.3161535883181002,0.3228366881768989,Lafayette Regional Airport,Lafayette
197,LGA,3.696894253547862,3.1258746038815963,LaGuardia Airport,Flushing
198,LGB,0.1291263950424387,0.06944287812346955,Long Beach Daugherty Field Airport,Long Beach
199,LIH,0.2561682307479092,0.1230581587894003,Lihue Airport,Lihue
200,LIT,0.1901057428442457,0.1432493131537427,Adams Field Airport,Little Rock
201,LNK,0.36445577441692373,0.38040736421061366,Lincoln Municipal Airport,Lincoln
202,LRD,0.35051759222763995,0.36669808811913196,Laredo International Airport,Laredo
203,LSE,0.36186597949910476,0.37297287762928144,La Crosse Municipal Airport,La Crosse
204,LWB,0.3808865046850071,0.40534085124104263,Greenbrier Valley Airport,Lewisburg
205,LWS,0.4028897976709953,0.40242089968681466,Lewiston Nez Perce County Airport,Lewiston
206,LYH,0.378069534774397,0.39519350186819363,Lynchburg Regional Airport,Lynchburg
207,MAF,0.23087209602430628,0.23569373682802422,Midland International Airport,Midland
208,MBS,0.3382597078797728,0.35835241098187043,MBS International Airport,Freeland
209,MCI,0.4799903406286851,0.7464661380824035,Kansas City International Airport,Kansas City
210,MCO,2.976877063238007,2.4466855888176604,Orlando International Airport,Orlando
211,MDT,0.26408507997037095,0.2867204079600649,Harrisburg International Airport,Middletown
212,MDW,1.5618343231410352,1.3863704148600242,Chicago Midway International Airport,Chicago
213,MEI,0.36468135519923917,0.3946343622088734,Key Field Airport,Meridian
214,MEM,0.03302154954902263,0.059821927560864054,Memphis International Airport,Memphis
215,MFE,0.2943113105901605,0.3218012443633429,Miller International Airport,Mcallen
216,MFR,0.2710613450121536,0.31970964785995976,Rogue Valley International-Medford Airport,Central Point
217,MGM,0.3138435773387714,0.3319485937361919,Montgomery Regional Airport,Montgomery
218,MHK,0.36697462696857286,0.37928908489197316,Manhattan Municipal Airport,Manhattan
219,MHT,0.2624940579155951,0.21585463336029087,Manchester-Boston Regional Airport,Manchester
220,MIA,1.5316463535726632,1.4026268827328536,Miami International Airport,Miami
221,MKE,0.2184098944556365,0.2559142769721032,General Mitchell International Airport,Milwaukee
222,MKG,0.39254974852542807,0.4023587730580013,Muskegon County Airport,Muskegon
223,MLB,0.37335864281862285,0.3664702904801496,Melbourne International Airport,Melbourne
224,MLI,0.29104716464110886,0.31273075655659216,Quad City Airport,Coal Valley
225,MLU,0.333347945404057,0.3534444073056149,Monroe Regional Airport,Monroe
227,MOB,0.26020875719864,0.28129468237703137,Mobile Regional Airport,Mobile
228,MOT,0.35055744748953316,0.36425444071913976,Minot International Airport,Minot
229,MQT,0.36271888210361886,0.3892707632546532,Sawyer International Airport,Marquette
230,MRY,0.30678919598367804,0.33627674887685605,Monterey Peninsula Airport,Monterey
231,MSN,0.14096181361423815,0.1442640480910276,Dane County Regional Airport-Truax Field,Madison
232,MSO,0.3460896726313074,0.346237718363265,Missoula International Airport,Missoula
233,MSP,2.235361944662969,2.8832079917366076,Minneapolis St Paul International Airport,St. Paul
234,MSY,0.707130260789359,0.7400049686858139,New Orleans International Airport,Kenner
235,MTJ,0.37200754944044395,0.3863301028241541,Montrose Regional Airport,Montrose
236,MVY,0.3905705362198126,0.4070803968478168,Marthas Vineyard Airport,Vineyard Haven
238,OAJ,0.33772963289659347,0.3528645587700235,Albert J Ellis Airport,Richlands
239,OAK,0.4111523322867804,0.6735916024843308,Oakland International Airport,Oakland
241,OGG,0.12579608935864436,0.10910905308613064,Kahului Airport,Kahului
242,OGS,0.40458603761716916,0.4144320479240645,Ogdensburg International Airport,Ogdensburg
243,OKC,0.01802800002480739,0.06458496910322176,Will Rogers World Airport,Oklahoma City
244,OMA,0.044452038659987356,0.10086692033022471,Eppley Airfield,Omaha
245,OME,0.40300458082524765,0.4023380641817302,Nome Airport,Nome
246,ONT,0.07026575296287327,0.023395014199963253,Ontario International Airport,Ontario
247,ORD,7.801821227761416,6.477813317125147,Chicago O'Hare International Airport,Chicago
248,ORF,0.14769789169951433,0.05458258186427059,Norfolk International Airport,Norfolk
249,ORH,0.3697955824053723,0.3973058072478479,Worcester Municipal Airport,Worcester
250,OTH,0.3893206752068424,0.4095861708766223,North Bend Municipal Airport,North Bend
251,OTZ,0.40146297929521935,0.40231735530545903,Ralph Wien Memorial Airport,Kotzebue
253,PAH,0.39096510331255513,0.4023794819342724,Barkley Regional Airport,West Paducah
255,PBI,0.24611647541853907,0.1021715795353053,Palm Beach International Airport,West Palm Beach
256,PDX,0.40154880838099916,0.8890260423327964,Portland International Airport,Portland
258,PGV,0.3795696868320564,0.3987140108342841,Pitt Greenville Airport,Greenville
259,PHF,0.34333407982401276,0.3619971732055876,Newport News-Williamsburg International Airport,Newport News
260,PHL,2.2275072696490605,2.0045510804292395,Philadelphia International Airport,Philadelphia
261,PHX,2.610533872757777,3.185288369903441,Sky Harbor International Airport,Phoenix
262,PIA,0.2770699242951698,0.306518093675256,Greater Peoria Regional Airport,Peoria
263,PIB,0.38645428477148475,0.4021723931715612,Pine Belt Regional Airport,Moselle
264,PIE,0.25449510685363336,0.2622218073313295,St. Petersburg-Clearwater International Airport,Clearwater
265,PIH,0.3971490457479013,0.391134562119054,Pocatello Municipal Airport,Pocatello
266,PIT,0.503661177772284,0.5998058763303288,Pittsburgh International Airport,Coraopolis
267,PLN,0.3811455638873128,0.3960011480427673,Pellston Regional Airport,Pellston
268,PNS,0.21486383153229063,0.181477898750231,Pensacola Regional Airport,Pensacola
269,PPG,0.39822593492425507,0.4147426810681313,Pago Pago International Airport,Pago Pago
270,PRC,0.40217160585168016,0.41238186917322356,Ernest A Love Field Airport,Prescott
271,PSC,0.3534907947648714,0.3575033470547545,Tri Cities Airport,Pasco
272,PSE,0.3904326370136622,0.4008677339664806,Mercedita Airport,Coto Laurel
273,PSG,0.40184877823034537,0.4022759375529168,Petersburg James A Johnson Airport,Petersburg
275,PSP,0.2011113748634291,0.19736160685018034,Palm Springs International Airport,Palm Springs
276,PUB,0.38326984934621944,0.3985897575766574,Pueblo Memorial Airport,Pueblo
277,PVD,0.05880816227382118,0.029329784786309317,Theodore Francis Green State Airport,Warwick
279,PWM,0.10873325463693509,0.16592553267061955,Jetport International Airport,Portland
280,RAP,0.30791869410573086,0.3293185664497596,Rapid City Regional Airport,Rapid City
281,RDD,0.3699302931905713,0.39306048761226825,Redding Municipal Airport,Redding
282,RDM,0.3074571701730078,0.3391345738022707,Roberts Field Airport,Redmond
283,RDU,1.0935310103699523,0.8402566387143078,Durham International Airport,Raleigh/Durham
284,RFD,0.39049959385364275,0.40333209024274397,Greater Rockford Airport,Rockford
285,RHI,0.3915613380304771,0.4022759375529168,Rhinelander-Oneida County Airport,Rhinelander
286,RIC,0.17144525094594817,0.06367377854729245,Richmond International Airport,Richmond
287,RKS,0.3943177279430096,0.4031871281088461,Rock Springs-Sweetwater County Airport,Rock Springs
288,RNO,0.06491319129061886,0.042189996950675095,Reno-Tahoe International Airport,Reno
289,ROA,0.3357089711186091,0.3662632017174384,Roanoke Regional Airport-Woodrum Field,Roanoke
290,ROC,0.0968635605399075,0.1193098521843275,Greater Rochester International Airport,Rochester
291,ROW,0.3762377869377863,0.3888772946055019,Roswell Industrial Air Center,Roswell
292,RST,0.3226300683757424,0.3498203539581688,Rochester International Airport,Rochester
293,RSW,0.2840682500037031,0.25268369227380844,Southwest Florida International Airport,Fort Myers
295,SAN,1.1302536486783306,1.4610052049411422,San Diego International Airport,San Diego
296,SAT,0.3031421812405424,0.4022846144563823,San Antonio International Airport,San Antonio
297,SAV,0.035462544067270625,0.08955119698272747,Savannah International Airport,Savannah
298,SBA,0.2414209867421938,0.27056748446859097,Santa Barbara Municipal Airport,Goleta
299,SBN,0.22759918191763814,0.273487436022819,South Bend Regional Airport,South Bend
300,SBP,0.28197291861326906,0.3170382028209852,San Luis Obispo County Airport,San Luis Obispo
301,SCC,0.40105565851867103,0.3979063646597104,Deadhorse Airport,Prudhoe Bay
302,SCE,0.3737986449099236,0.3892086366258398,University Park Airport,State College
303,SCK,0.3781906947705523,0.401799633398681,Stockton Metropolitan Airport,Stockton
304,SDF,0.09700279567662413,0.05704693814053392,Louisville International Airport,Louisville
305,SEA,1.6642041575241502,2.4820977672412763,Tacoma International Airport,Seattle
306,SFB,0.19699671762557694,0.21885742041960332,Orlando Sanford International Airport,Sanford
307,SFO,3.482381277460186,3.224366019427045,San Francisco International Airport,San Francisco
308,SGF,0.19910426387448843,0.23877935939242115,Springfield Regional Airport,Springfield
309,SGU,0.37154283708676944,0.35002744272088,St George Municipal Airport,St. George
310,SHD,0.3856005850617328,0.40355988788172625,Shenandoah Valley Regional Airport,Weyers Cave
311,SHV,0.26974612136967857,0.278643946214328,Shreveport Regional Airport,Shreveport
312,SIT,0.39487809292522774,0.3894985608936355,Sitka Airport,Sitka
313,SJC,0.45770407528325535,0.7139532023367444,Norman Y Mineta San Jose International Airport,San Jose
314,SJT,0.38503942297427673,0.38759334427669245,Mathis Field Airport,San Angelo
315,SJU,0.17473888978880076,0.09100949522517139,Luis Munoz Marin Airport,Carolina
316,SLC,1.215730431755401,1.923952133982039,Salt Lake City International Airport,Salt Lake City
317,SLN,0.37765822847165936,0.4030835837274905,Salina Municipal Airport,Salina
318,SMF,0.25215773601630764,0.5583259971592746,Sacramento International Airport,Sacramento
319,SMX,0.4035888589646017,0.4137486550071175,Santa Maria Public Airport,Santa Maria
320,SNA,0.23209778560023106,0.44502773507997484,John Wayne Airport,Santa Ana
321,SPI,0.3593279964217469,0.37976538904620893,Capital Airport,Springfield
322,SPN,0.40304842161333015,0.41194698277153,Saipan International Airport,Saipan
324,SRQ,0.2808681307535901,0.2859541795380335,Sarasota Bradenton Airport,Sarasota
325,STC,0.40389733869165495,0.4142663769138955,St Cloud Regional Airport,St. Cloud
326,STL,0.867702328325564,0.9535963185461498,Lambert St Louis International Airport,St. Louis
327,STS,0.3658491143727094,0.3861230140614429,Sonoma County Airport,Windsor
328,STT,0.35726349385568,0.36481358037846,Cyril E King International Airport,Charlotte Amalie
329,STX,0.38465362403915077,0.3939716781681975,Henry E Rohlson International Airport,Frederiksted
330,SUN,0.38130897046107487,0.3908860556038006,Friedman Memorial Airport,Hailey
331,SUX,0.37767576478689235,0.3926463100868458,Sioux Gateway Airport,Sioux City
332,SWF,0.33864869523585023,0.3801795665716313,Stewart International Airport,New Windsor
334,SYR,0.08577184115503482,0.13111391165886613,Hancock International Airport,Syracuse
335,TLH,0.3024186679644717,0.2904894234414088,Tallahassee Regional Airport,Tallahassee
336,TOL,0.36266228763173053,0.3741947013292775,Toledo Express Airport,Swanton
337,TPA,1.1551034044687298,1.1260805490083117,Tampa International Airport,Tampa
338,TRI,0.33674919345402116,0.35385858483103727,Tri-Cities Regional Airport,Blountville
340,TUL,0.10060995515786665,0.06677143308449501,Tulsa International Airport,Tulsa
341,TUS,0.11662300228130949,0.039891311684580724,Tucson International Airport,Tucson
342,TVC,0.31449720363381956,0.3359868246090604,Cherry Capital Airport,Traverse City
343,TWF,0.3934568542861169,0.39094818223261396,Twin Falls-Sun Valley Regional Airport,Twin Falls
344,TXK,0.38606051478398007,0.39185937278854327,Texarkana Regional Airport,Texarkana
345,TYR,0.38291593462060797,0.38740696439025235,Tyler Pounds Field Airport,Tyler
346,TYS,0.0285667866545122,0.08642415666578829,Mcghee Tyson Airport,Knoxville
347,UIN,0.378291927135761,0.39786494690716817,Quincy Municipal Airport-Baldwin Field,Quincy
349,VEL,0.4026626226782042,0.4106423235664495,Vernal Airport,Vernal
350,VLD,0.3890066157431241,0.3957526415275139,Valdosta Regional Airport,Valdosta
351,VPS,0.2678067643259563,0.2551186627703352,Eglin Air Force Base,Eglin Village
353,WYS,0.4064839451885225,0.41231974254441023,Yellowstone Airport,West Yellowstone
354,XNA,0.11258088162010293,0.1569378803689533,Northwest Arkansas Regional Airport,Bentonville
355,YAK,0.40229037453212185,0.40231735530545903,Yakutat Airport,Yakutat
356,YNG,0.4079633725099974,0.4172277462206658,Youngstown-Warren Regional Airport,Vienna
357,YUM,0.3969975957527072,0.3887737502241463,Yuma International Airport,Yuma
